Title,Note,URL,Comment
Erge Chicken Rice Noodles,,https://www.google.com/maps/place/Erge+Chicken+Rice+Noodles/data=!4m2!3m1!1s0x3720ca6aafeeae0f:0xea6df3e75ae9148c,
Apo Cured Spare Ribs 7 Branch,delicious cured pork ribs (Lijiang specialty) served hotpot style. Hearty and warming. The meat has an interesting funky taste from the curing process,https://www.google.com/maps/place/Apo+Cured+Spare+Ribs+7+Branch/data=!4m2!3m1!1s0x3720ca3fd0a7b019:0xbdad9fe9d2dd4444,
Seliaomu Wandou Bean Jelly Store,Halal restaurant. Local popular for its cold noodles. Spicy sweet sour mala all in one,https://www.google.com/maps/place/Seliaomu+Wandou+Bean+Jelly+Store/data=!4m2!3m1!1s0x3727b8af97e17311:0xcd939fffcd6a48c9,
Or Tor Kor Market,,https://www.google.com/maps/place/Or+Tor+Kor+Market/data=!4m2!3m1!1s0x30e29c141ea782c3:0xef703d7f3769af76,
Khaing Khaing Kyaw (Khlong Toei Market) Branch,Really authentic Burmese food on the second floor of Khlong Toei (they primarily make food to serve the Burmese migrant workers in the market so you know its the real deal),https://www.google.com/maps/place/Khaing+Khaing+Kyaw+(Khlong+Toei+Market)+Branch/data=!4m2!3m1!1s0x30e29f729ce9e28f:0xc7fbb5cee8f7baa0,
NO NAME NOODLE BKK,"Really really good dipping ramen, bar seating only. It has an izakaya vibe. The flavors are so strong and fresh and the noodles are so addictingly chewy. The restaurant only sits like 10 people so you need reservations. Reservations open Sunday 9am and sell out very fast.",https://www.google.com/maps/place/NO+NAME+NOODLE+BKK/data=!4m2!3m1!1s0x30e29f921fe481db:0xd15f90f34d51e409,
Gema's Cafe,,https://www.google.com/maps/place/Gema's+Cafe/data=!4m2!3m1!1s0x80b898d181d370fd:0x6bfd53f74a400ea2,
ทะเลดองร้านนี้20บาท เจ้าของเดียวกับสยาม,Specializes in marinated seafood topped over rice. Interesting but probably wouldn’t get agaib,https://www.google.com/maps/place/%E0%B8%97%E0%B8%B0%E0%B9%80%E0%B8%A5%E0%B8%94%E0%B8%AD%E0%B8%87%E0%B8%A3%E0%B9%89%E0%B8%B2%E0%B8%99%E0%B8%99%E0%B8%B5%E0%B9%8920%E0%B8%9A%E0%B8%B2%E0%B8%97+%E0%B9%80%E0%B8%88%E0%B9%89%E0%B8%B2%E0%B8%82%E0%B8%AD%E0%B8%87%E0%B9%80%E0%B8%94%E0%B8%B5%E0%B8%A2%E0%B8%A7%E0%B8%81%E0%B8%B1%E0%B8%9A%E0%B8%AA%E0%B8%A2%E0%B8%B2%E0%B8%A1/data=!4m2!3m1!1s0x30e29fbe7ddbc823:0x3cf8b0aa5976c51a,
Maan Muang,,https://www.google.com/maps/place/Maan+Muang/data=!4m2!3m1!1s0x311d63d7e9b2ddf9:0x4f04af4016efcd6c,
Kolun.h,"Hainanese noodle shop, very unique bowls filled with gravy.  their noodles are like udon. No Michelin but I wouldn’t be suprised if they got one",https://www.google.com/maps/place/Kolun.h/data=!4m2!3m1!1s0x30e29913ddb0e401:0x92e85755c46b460e,
Sae Phun,,https://www.google.com/maps/place/Sae+Phun/data=!4m2!3m1!1s0x30e2993808f11e4d:0xa5cb6c6daa9c1e5c,
Trok Mor Morning Market,,https://www.google.com/maps/place/Trok+Mor+Morning+Market/data=!4m2!3m1!1s0x30e29910fb0d77bf:0x7326d03d1c09a1f0,
Lim Pork Leg Buffet,"All you can eat pork leg rice for 79thb. Includes all the sides. Worth it just for one plate, but you can refill!",https://www.google.com/maps/place/Lim+Pork+Leg+Buffet/data=!4m2!3m1!1s0x30e29f002297d747:0x5089b9a5ac44c11b,
Isao,,https://www.google.com/maps/place/Isao/data=!4m2!3m1!1s0x30e29efdabd1f421:0x9dbfed5486e017c4,
Prai Raya,"Nice sit-down restaurant featuring Southern Thai (Phuket) cuisine, very good and very spicy",https://www.google.com/maps/place/Prai+Raya/data=!4m2!3m1!1s0x30e29ee10a2431b3:0xe8a547b5ca34b6a7,
Benjarong Bangkok - Baan Dusit Thani,,https://www.google.com/maps/place/Benjarong+Bangkok+-+Baan+Dusit+Thani/data=!4m2!3m1!1s0x30e2993a67658f9f:0xeeb3a6b5a674c4b0,
VT Namnueng,"A delicious Vietnamese restaurant out in the suburbs. Specializes in namneung, a build your own wrap with Vietnamese sausage. Nam neung seems popular in Thailand but not in the US",https://www.google.com/maps/place/VT+Namnueng/data=!4m2!3m1!1s0x30e29e75280db323:0xedb271ad3bdba742,
Crispy Pork Alley (Aunt Tiw),Specialize in crispy pork pad krapao ,https://www.google.com/maps/place/Crispy+Pork+Alley+(Aunt+Tiw)/data=!4m2!3m1!1s0x30e299c27bd1f7f1:0xc5bc0ade93847dee,
Chula 50 Kitchen,"A popular canteen for Chula students, serving foods appealing to students. Known for their curried crab over rice. Has decent dim sum offerings too",https://www.google.com/maps/place/Chula+50+Kitchen/data=!4m2!3m1!1s0x30e29930d5090f71:0x8d409b3c36801644,
RONGROS,"The restaurant that's directly across from Wat Arun. Book for dinner/sunset. Popular, book ahead. The food and ambiance is legit good too (Michelin guide), so not just a tourist trap.",https://www.google.com/maps/place/RONGROS/data=!4m2!3m1!1s0x30e299c16bd4838d:0x1f890e048ae0d78b,
Lamduan Grilled Beef,specialty is DIY grilled beef and hot pot in a clay pot. Prices are very affordable,https://www.google.com/maps/place/Lamduan+Grilled+Beef/data=!4m2!3m1!1s0x311d603edfcfe5d9:0x73627882c8c87632,
Heng Chun Seng,"Super popular locals-only charcoal beef hot pot restaurant in Khlong Toei, can eat here before or after touring Khlong Toei market",https://www.google.com/maps/place/Heng+Chun+Seng/data=!4m2!3m1!1s0x30e29f118459c7c5:0x342d018202a5e39e,
Laap Ba Lek,"Really delicious Isaan street restaurant, the best I’ve had in Bangkok -- this place is p advanced, they serve koi, which is raw beef mixed with lemon, bile, and raw blood among other spices. It’s actually really good lol. Also other adventurous dishes like testicle. It’s not a tourist shtick, it’s a neighborhood restaurant that’s very popular with locals (and because it’s so popular I’d say it’s safe to eat their adventurous stuff)

Also their grilled meats are superb",https://www.google.com/maps/place/Laap+Ba+Lek/data=!4m2!3m1!1s0x30e299ca75a3bc83:0xff1b026915fc7c26,
Khao Gaeng Jek Pui (Je Chie),"Really delicious and popular khao gaeng, Thai curry rice, stall. Great vibes as everyone just sits on plastic stools that spill into the alley",https://www.google.com/maps/place/Khao+Gaeng+Jek+Pui+(Je+Chie)/data=!4m2!3m1!1s0x30e29922450dd985:0x851947ae4360e5a3,
Somsakpuob,Known for their crab over vermicelli noodles,https://www.google.com/maps/place/Somsakpuob/data=!4m2!3m1!1s0x30e298e5d000512f:0xd9a40c0124014ec4,
Sou Heng Tai House,,https://www.google.com/maps/place/Sou+Heng+Tai+House/data=!4m2!3m1!1s0x30e298df3a10d4b9:0x80e581270e92a2e9,
Khao Moo Daeng Si Morakot,"Specialty is khao moo daeng, a classic Thai Chinese dish. Rice topped with char siu, crispy pork, lap cheong, and a boiled egg. With house gravy poured over. Family run, Super generous with the meat,very popular with the locals",https://www.google.com/maps/place/Khao+Moo+Daeng+Si+Morakot/data=!4m2!3m1!1s0x30e2992713d4b2f9:0xc0f0e00dca7c9aba,
Baytong Chicken Rice,"Specialty is Betong Chicken Rice. It’s a unique version of chicken rice that I’ve never seen anywhere else, from the Betong region of Thailand next to the Malaysian border.. It’s cooked in a seasoned light soy sauce and has a a slight Chinese herbal taste. Dipping sauces all homemade. The chicken is local from the region and has a satisfying chew, like cartilage",https://www.google.com/maps/place/Baytong+Chicken+Rice/data=!4m2!3m1!1s0x30e29ef56dab495b:0xac7cfb13518e4484,
Tuengnua.Tuengtua,Rooftop mookrata,https://www.google.com/maps/place/Tuengnua.Tuengtua/data=!4m2!3m1!1s0x30e29fd9bb54ffed:0x98b8af07af80d498,
Rolling Roasters - Ekamai,"Coffee shop with creative espresso drinks and a cool spiral interior design, good place to work. Turns into a bar in the evening",https://www.google.com/maps/place/Rolling+Roasters+-+Ekamai/data=!4m2!3m1!1s0x30e29f11d083359b:0x94a3643be247410e,
Ann Guay Tiew Kua Gai,"Fried rice noodles, they have a special technique where they fry it until it gets crispy crunchy",https://www.google.com/maps/place/Ann+Guay+Tiew+Kua+Gai/data=!4m2!3m1!1s0x30e299234a6e4e3f:0x9f1a205557f19d77,
Pig Organ Soup,"Offal soup served in a literal hole in the wall alleyway, for breakfast or lunch",https://www.google.com/maps/place/Pig+Organ+Soup/data=!4m2!3m1!1s0x30e29fac95ec395b:0xa17c2a4bcf8ac513,
After You Dessert Cafe,"Many locations, but a great place for bingsu and other creative deserts. Their bingsu is very soft like snow",https://www.google.com/maps/place/After+You+Dessert+Cafe/data=!4m2!3m1!1s0x30e29e524fd5eac3:0x303a91811c57fae5,
Kuay Jab Mr. Joe,"Super good moo krab (crispy pork belly), the pork belly skin is so crunch and meat is soft. They do a moo krab plate and moo krab rice noodle roll soup with like 6 diff kinds of offal. Surprisingly cheap for how popular and good it is. One of those street food places that gets better the busier it gets",https://www.google.com/maps/place/Kuay+Jab+Mr.+Joe/data=!4m2!3m1!1s0x30e298b923b05b09:0xa48c51495edef067,
"REN - Cafe & Goods - Matcha, Coffee and Dessert",,"https://www.google.com/maps/place/REN+-+Cafe+%26+Goods+-+Matcha,+Coffee+and+Dessert/data=!4m2!3m1!1s0x30e2990293717be9:0xc5821496bb383e9d",
Khao Tom Santipap,"Thai Chinese dishes popular with students, just solid all around ",https://www.google.com/maps/place/Khao+Tom+Santipap/data=!4m2!3m1!1s0x30e2992e8986e585:0x8348165d56a88554,
Jae Wan,"Thai Chinese douhua desert place. Very popular with huge portions, you should order the dishes family style",https://www.google.com/maps/place/Jae+Wan/data=!4m2!3m1!1s0x30e299293ebc3217:0xdb2ef36a28b04a9e,
glo / afterglo bkk,"Kade's bar, a cafe in the daytime and wine bar at night. The nighttime bar is very aesthetic, good date vibes",https://www.google.com/maps/place/glo+%2F+afterglo+bkk/data=!4m2!3m1!1s0x30e299377bc980a3:0xf1715d7691de9ae6,
Elvis Suki and Seafood,"Known for their grilled scallops in the shell. Also has a very charismatic owner, Mr. Lee",https://www.google.com/maps/place/Elvis+Suki+and+Seafood/data=!4m2!3m1!1s0x30e299fd75a372fd:0x1e2ff10fd87ce04f,
Open House Central Embassy,"Coworking space at the top floor of a mall that has a bookstore concept, very vibey, bathed in sunlight, and trendy, with lots of cafe options. The playlist they use is great",https://www.google.com/maps/place/Open+House+Central+Embassy/data=!4m2!3m1!1s0x30e29edc9877cffd:0xe591f3041acc4ae9,
Baan Kuay Tiew Ruathong,"Really good boat noodles, the noodles are well cooked. It’s one of those places that gets better the busier it gets because every bowl is made to order",https://www.google.com/maps/place/Baan+Kuay+Tiew+Ruathong/data=!4m2!3m1!1s0x30e29eb0601aa3e3:0x8c31c0b08db10262,
บังดี ไก่ทอดหาดใหญ่,"Hat yai fried chicken from a hat yai family. The chicken is slightly sweet because they use palm sugar in the marinade. Takeaway only, but nearby stalls have tables. Buy something from them to pair with the chicken and grab a seat. 

Hella local, just a neighborhood street market",https://www.google.com/maps/place/%E0%B8%9A%E0%B8%B1%E0%B8%87%E0%B8%94%E0%B8%B5+%E0%B9%84%E0%B8%81%E0%B9%88%E0%B8%97%E0%B8%AD%E0%B8%94%E0%B8%AB%E0%B8%B2%E0%B8%94%E0%B9%83%E0%B8%AB%E0%B8%8D%E0%B9%88/data=!4m2!3m1!1s0x30e29f8f0aed6dcd:0xfc2f9aea69fc6aa2,
Tichuca Rooftop Bar,,https://www.google.com/maps/place/Tichuca+Rooftop+Bar/data=!4m2!3m1!1s0x30e29f14cf2c763d:0x2bfed307b9e5a4be,
On Lok Yun,Old school simple Singaporean breakfast. They do a set with soft boiled eggs and meats,https://www.google.com/maps/place/On+Lok+Yun/data=!4m2!3m1!1s0x30e299fed0dd26dd:0x663efac170fe5375,
Elfegne,,https://www.google.com/maps/place/Elfegne/data=!4m2!3m1!1s0x89b7b76cb205b299:0x2cf229a7be8842f3,
Randi's Grill & Pub,"Irish pub with deadhead owner, great apres vibes",https://www.google.com/maps/place/Randi's+Grill+%26+Pub/data=!4m2!3m1!1s0x876a34cdbeaaa9cd:0x8abee11923c273bb,
"Brasserie ""Favorite""",Kazakhstani and Georgian food in the middle of Luxeumburg of all places. Highlight is horse meat noodles.,https://www.google.com/maps/place/Brasserie+%22Favorite%22/data=!4m2!3m1!1s0x47954926e18ab783:0xcf6f26d7ba72f6cb,
Southside Parlor,,https://www.google.com/maps/place/Southside+Parlor/data=!4m2!3m1!1s0x357ca2486fdb9b5d:0x327dd8c0a4142375,
Sesame Hushijia,Desert soups: Seasame paste is what they're known for,https://www.google.com/maps/place/Sesame+Hushijia/data=!4m2!3m1!1s0x3402f8f1e491dc55:0xf89fed5ccd3e5601,
Dayang Coconut Chicken Shop大洋椰子鸡汤,"An acquired taste, but a unique Guangzhou delicacy. Black chicken cooked in coconut water, served in a coconut",https://www.google.com/maps/place/Dayang+Coconut+Chicken+Shop%E5%A4%A7%E6%B4%8B%E6%A4%B0%E5%AD%90%E9%B8%A1%E6%B1%A4/data=!4m2!3m1!1s0x3402f8c7cf3efb41:0xf8db7ba7b4d55f41,
Midori Music Bar,"Live music, cool kids hangout",https://www.google.com/maps/place/Midori+Music+Bar/data=!4m2!3m1!1s0x30e29fadb2af90e3:0xab30447d4c863a0c,
Diandude,Local dim sum institution,https://www.google.com/maps/place/Diandude/data=!4m2!3m1!1s0x3402f8c155f1a5cb:0xeba9e54ca5b3066a,
Taotaoju,Best dim sum of my life. So good despite being a successful chain at this point. Local institution,https://www.google.com/maps/place/Taotaoju/data=!4m2!3m1!1s0x3402f8b8c57ee8ff:0xb42ed6731bfcb5c6,
Che Muai Mi Wan,Street vendor cooking tang shui and other Chinese deserts. The tang yuan in ginger soup is reaaaal gingery,https://www.google.com/maps/place/Che+Muai+Mi+Wan/data=!4m2!3m1!1s0x30e29921f3abb2f3:0xfe2c86068ae9c909,
Nai Mong Hoi Thod,"Legendary oyster omelette, known for their unique crispy version. Also get their smoked duck breast",https://www.google.com/maps/place/Nai+Mong+Hoi+Thod/data=!4m2!3m1!1s0x30e29923c5c9bd6f:0xb1ac821cce78091e,
Kimpo Khao Tom Pla @Thanon Banthat Thong,Grouper Fish Porridge and Oyster Salad,https://www.google.com/maps/place/Kimpo+Khao+Tom+Pla+@Thanon+Banthat+Thong/data=!4m2!3m1!1s0x30e299812de1fae1:0xebd6ace6cefa3da2,
Sri Trat Restaurant and Bar,"Authentic Eastern Thai cuisine, good massaman curry",https://www.google.com/maps/place/Sri+Trat+Restaurant+and+Bar/data=!4m2!3m1!1s0x30e29efc3bbbcfa1:0x1ae0f08f959b616b,
Aunglo by Yangrak อั้งโล่ บาย ย่างแรก,"Thai izakaya, unique concept and dishes",https://www.google.com/maps/place/Aunglo+by+Yangrak+%E0%B8%AD%E0%B8%B1%E0%B9%89%E0%B8%87%E0%B9%82%E0%B8%A5%E0%B9%88+%E0%B8%9A%E0%B8%B2%E0%B8%A2+%E0%B8%A2%E0%B9%88%E0%B8%B2%E0%B8%87%E0%B9%81%E0%B8%A3%E0%B8%81/data=!4m2!3m1!1s0x30e2996980abb9c9:0xd5e69d934fcf4dac,
Okonomiyaki se-chan お好み焼き せーちゃん,"This Japanese dude just makes okonomiyaki out of his garage, and there’s only like 6 seats ",https://www.google.com/maps/place/Okonomiyaki+se-chan+%E3%81%8A%E5%A5%BD%E3%81%BF%E7%84%BC%E3%81%8D+%E3%81%9B%E3%83%BC%E3%81%A1%E3%82%83%E3%82%93/data=!4m2!3m1!1s0x30e29f00246c2e35:0xfcc60ab991ecbd23,
Tulum Skybar,,https://www.google.com/maps/place/Tulum+Skybar/data=!4m2!3m1!1s0x30e29f6b72ac5be1:0x7033bc52781c9104,
Octave Rooftop Lounge & Bar,,https://www.google.com/maps/place/Octave+Rooftop+Lounge+%26+Bar/data=!4m2!3m1!1s0x30e29fa536211b87:0xc11941c85b448c81,
เดอะดั้ก,,https://www.google.com/maps/place/%E0%B9%80%E0%B8%94%E0%B8%AD%E0%B8%B0%E0%B8%94%E0%B8%B1%E0%B9%89%E0%B8%81/data=!4m2!3m1!1s0x30e29f4796dfc8b5:0xee1c1d5650d2e74e,
Tang Sui Heng Restaurant,"This Thai Chinese restaurant specializes in duck and has been a mainstay in the Michelin guide. Get their duck clay pot, very generous with the meat",https://www.google.com/maps/place/Tang+Sui+Heng+Restaurant/data=!4m2!3m1!1s0x30e29929d8d4dab7:0xa56ec46cf5ccef1e,
Gui Chai Ar Pae,"fried chives with eggs. She adds sweet soy sauce and chilis on top, really good and unique street snack",https://www.google.com/maps/place/Gui+Chai+Ar+Pae/data=!4m2!3m1!1s0x30e29904a51efef1:0xfa9428f2665a8230,
Jeh O Chula,Tom Yum Mama,https://www.google.com/maps/place/Jeh+O+Chula/data=!4m2!3m1!1s0x30e2992eeb145315:0xd37af0e1dfbbcd7c,
Tuay Tung Ice-cream (Chula 12),"homemade Asian ice cream and soft Chinese buns, available steamed or deep-fried.",https://www.google.com/maps/place/Tuay+Tung+Ice-cream+(Chula+12)/data=!4m2!3m1!1s0x30e2994509b4ef31:0x70db4216ca744926,
Heng HoiTod Chawlae,crispy oyster omelette,https://www.google.com/maps/place/Heng+HoiTod+Chawlae/data=!4m2!3m1!1s0x30e299022c8efedb:0x1dea04811c4c9296,
Kuay Teow Khae -Street Noodle Soup,"Dry Tom yum, very popular with the local office workers",https://www.google.com/maps/place/Kuay+Teow+Khae+-Street+Noodle+Soup/data=!4m2!3m1!1s0x30e29f2c47dadb0b:0x2dacd9b8cc3fab4a,
True Digital Park,Huge public coworking space + mall + offices. Lots of young people working,https://www.google.com/maps/place/True+Digital+Park/data=!4m2!3m1!1s0x30e29ed269181bb1:0x60c3178ba983c76,
Beirut Sukhumvit 39,"Reaaaally good middle eastern restaurant and bakery, specializing in lots of Lebanese dishes",https://www.google.com/maps/place/Beirut+Sukhumvit+39/data=!4m2!3m1!1s0x30e29efeeab23437:0x8cfb1bd272f685ac,
榮記豆腐麵食,Restaurant specializing in silken tofu dishes. Get their doufu hua and fried pork ribs,https://www.google.com/maps/place/%E6%A6%AE%E8%A8%98%E8%B1%86%E8%85%90%E9%BA%B5%E9%A3%9F/data=!4m2!3m1!1s0x34017ae4e379a377:0xb7d2730df52fc8c8,
Lord Stow's Bakery Main Store,Created the Portuguese egg tart that’s now everywhere in Asia; original store,https://www.google.com/maps/place/Lord+Stow's+Bakery+Main+Store/data=!4m2!3m1!1s0x34017035b7ea09d9:0x321981ba17a4b09e,
Sanva Hotel,,https://www.google.com/maps/place/Sanva+Hotel/data=!4m2!3m1!1s0x34017ae555cfa50d:0x93b5d230f28f386c,
Tsim Chai Kee Noodle,"Great noodle soup, Michelin recommended for 12 years",https://www.google.com/maps/place/Tsim+Chai+Kee+Noodle/data=!4m2!3m1!1s0x3404007b5da5df15:0x744f343e07fe1d49,
Man Mo Temple,Incredibly beautiful temple interior; students go to pray for good grades ,https://www.google.com/maps/place/Man+Mo+Temple/data=!4m2!3m1!1s0x3404007bf8cd1f91:0x154ab5995382dfe3,
Bar Leone,"#1 bar in Asia, #2 in the world. Inspired by Rome",https://www.google.com/maps/place/Bar+Leone/data=!4m2!3m1!1s0x34040165b08f2cab:0x4f2e798736709b13,
Sun Hing Restaurant,"opens at 3am, good late night dim sum restaurant, locals favorite",https://www.google.com/maps/place/Sun+Hing+Restaurant/data=!4m2!3m1!1s0x13ff471ef67a2b87:0x5b071666f60923b4,
Mon Kee Cafe,A bit of a more modern cha chaan teng with a slightly cute vibe and slightly more modernized dishes. More accessible and friendlier than the hardcore old school ones. It’s a chain,https://www.google.com/maps/place/Mon+Kee+Cafe/data=!4m2!3m1!1s0x3404017c589456c1:0xa22c02e6c4119f97,
Gentle Bakery,"Classic HK bakery in Monster Building, hand makes their egg tarts. Neighborhood vibe",https://www.google.com/maps/place/Gentle+Bakery/data=!4m2!3m1!1s0x340401aa55397c8f:0xf445b0fe2569f567,
Sun Kwai Heung BBQ food,"Hong Kong locals’ top char siu spot. It’s very far away so you don’t get lots of tourists. 

Their char siu truly is done authentically and well, you don’t get any of that artificial taste from cheap places. they give all sorts of cuts ranging from fatty to lean to with tendon etc. 

Typical lunch here is to get the char siu and chicken rice plate",https://www.google.com/maps/place/Sun+Kwai+Heung+BBQ+food/data=!4m2!3m1!1s0x340402280aeab43b:0xfc26bf0291427437,
Ki’s Roasted Goose Restaurant (Wan Chai),It's a chain. Edwin's rec for roasted goose,https://www.google.com/maps/place/Ki%E2%80%99s+Roasted+Goose+Restaurant+(Wan+Chai)/data=!4m2!3m1!1s0x340400574af8faf3:0xd23fa215f2274141,
Mak Man Kee Noodle Shop,"It’s a chain, known for its shrimp wonton noodles. They basically just wrap a whole shrimp on a wonton wrapper",https://www.google.com/maps/place/Mak+Man+Kee+Noodle+Shop/data=!4m2!3m1!1s0x340400eb0a91a071:0x31844143495496c,
Chef Gaa Moo Krob เฮียแกะ,"Located in the “slums of Bangkok” (it’s poor but totally safe), a tiny restaurant in an alley serving moo krab",https://www.google.com/maps/place/Chef+Gaa+Moo+Krob+%E0%B9%80%E0%B8%AE%E0%B8%B5%E0%B8%A2%E0%B9%81%E0%B8%81%E0%B8%B0/data=!4m2!3m1!1s0x30e29f9f8d9bcf3b:0xbc4c12c4a1c06221,
Khlong Toei Market,There’s like 3 markets combined into one truly huge wet market and bazaar. You can find everything here from produce to iPhones to cafes to weed.,https://www.google.com/maps/place/Khlong+Toei+Market/data=!4m2!3m1!1s0x30e29f2ac7c67f8f:0x441df4a738af7cd1,
Som Tam Jay So,"Authentic Isaan food, favorite of the office workers nearby. The madam is famous for being on Iron Chef Thailand

tom pa, chicken wing, tom saeb moo. Their chicken wing has this tamarind chili dip that’s delicious",https://www.google.com/maps/place/Som+Tam+Jay+So/data=!4m2!3m1!1s0x30e29f2da6e4aa8b:0xbec886d2ff817d8,
Fikeaw Yaowarat,"fireball stir fry technique, seafood specialty. Order stir fried morning glory for the fireball. There's probably a line.. spend the time in line watching the chef work his expert wok skills",https://www.google.com/maps/place/Fikeaw+Yaowarat/data=!4m2!3m1!1s0x1110303b53939677:0x896b38e7977847c5,
Ba Hao Tian Mi - Yaowarat,Pudding shop,https://www.google.com/maps/place/Ba+Hao+Tian+Mi+-+Yaowarat/data=!4m2!3m1!1s0x30e299e7a108d6d9:0xbc3229664d811380,
Wah Char Siu 叉你個燒,"Pretty solid Hong Kong restaurant, you can get a variety plate of all the HK bbq meat hits.

Edwin from Entrepreneurs Meetup, a HK guy, recommends this place. ",https://www.google.com/maps/place/Wah+Char+Siu+%E5%8F%89%E4%BD%A0%E5%80%8B%E7%87%92/data=!4m2!3m1!1s0x30e29f529a29616b:0xa8ec822d85db05fc,
Claypot King สาขาเยาวราช,"Clay pot rice. Pretty tasty, but the crust isn’t as good as the top ones in Hong Kong. Still worth a visit",https://www.google.com/maps/place/Claypot+King+%E0%B8%AA%E0%B8%B2%E0%B8%82%E0%B8%B2%E0%B9%80%E0%B8%A2%E0%B8%B2%E0%B8%A7%E0%B8%A3%E0%B8%B2%E0%B8%8A/data=!4m2!3m1!1s0x30e2992fa57d1761:0x38a35fcea4dab944,
KHIRI Thai Tea Flagship Store,"Aethetic cafe, lots of areas to work. Interesting take on Thai tea, they have many tea options to choose from",https://www.google.com/maps/place/KHIRI+Thai+Tea+Flagship+Store/data=!4m2!3m1!1s0x30e2990386f743ff:0xa2a6d42e5fe8a6a,
Here Duan (Banthat Thong),"Very delicious and well done creamy omelette over rice. Can choose from different meat toppings.

Their appetizers and salads look really good too",https://www.google.com/maps/place/Here+Duan+(Banthat+Thong)/data=!4m2!3m1!1s0x30e29f92e7dd15e5:0x748f1d2f6a2f186,
Polo Fried Chicken (Soi Polo),"They do fried chicken with lots of fried garlic on top. Get it with their somtam, great combo. 

It's a very popular restaurant, expect to wait",https://www.google.com/maps/place/Polo+Fried+Chicken+(Soi+Polo)/data=!4m2!3m1!1s0x30e29f2736d3eafb:0x7c7cedbf00d06204,
Saengchai Phochana,"Locals favorite, open late. Drunchies restaurant. Specialty is their salted plum soup with minced pork.

It’s not Michelin guide cooking, and it’s pricier than you’d expect, but it hits the spot. And most importantly, it’s open at 2am",https://www.google.com/maps/place/Saengchai+Phochana/data=!4m2!3m1!1s0x30e29fa9fc7dec83:0xc4ab64ae72d94a6b,
The Mud Bar,"Vibey lil cafe and ceramics shop, good place to work",https://www.google.com/maps/place/The+Mud+Bar/data=!4m2!3m1!1s0x30e29fa3c4e6d695:0xc58b844f7c29f618,
Wattana Panich,Beef noodles that have been stewing in a big cauldron for 45 yrs straight. But honestly their herbal goat soup might be even better,https://www.google.com/maps/place/Wattana+Panich/data=!4m2!3m1!1s0x30e29e49982ce2f9:0x38858b25983d26,
Nagiya Thonglo 9 なぎ屋トンロー9店 นากิยะ ทองหล่อ 9,Very extensive izakaya menu.,https://www.google.com/maps/place/Nagiya+Thonglo+9+%E3%81%AA%E3%81%8E%E5%B1%8B%E3%83%88%E3%83%B3%E3%83%AD%E3%83%BC9%E5%BA%97+%E0%B8%99%E0%B8%B2%E0%B8%81%E0%B8%B4%E0%B8%A2%E0%B8%B0+%E0%B8%97%E0%B8%AD%E0%B8%87%E0%B8%AB%E0%B8%A5%E0%B9%88%E0%B8%AD+9/data=!4m2!3m1!1s0x30e29e54a211bebf:0xd539b0678058db5b,
Paper Plane Project,"Coworking cafe at the 40th floor of an office tower, great views and working vibe",https://www.google.com/maps/place/Paper+Plane+Project/data=!4m2!3m1!1s0x30e29f0905e158b9:0x4520f2312c0f8540,
Lim Lao Ngow Fishball Noodle,,https://www.google.com/maps/place/Lim+Lao+Ngow+Fishball+Noodle/data=!4m2!3m1!1s0x30e29920f427bbcf:0x5d50c09024e892fe,
Nings Mango Stand,,https://www.google.com/maps/place/Nings+Mango+Stand/data=!4m2!3m1!1s0x30e29fa8dde00c75:0x918ea2f5c1c5eb85,
Nai Ek Roll Noodle,"Michelle’s rec, she’s highly recommended. Rolled noodles with crispy pork",https://www.google.com/maps/place/Nai+Ek+Roll+Noodle/data=!4m2!3m1!1s0x30e2992175e2fda9:0x694279ae73a6b2da,
Warehouse 30,"Galleries, antique stores, bougie furniture stores. People here are very cool lol",https://www.google.com/maps/place/Warehouse+30/data=!4m2!3m1!1s0x30e298dbb84db485:0x23885cbf2be0f79e,
Horse Unit,"Americana antique store, very authentic ",https://www.google.com/maps/place/Horse+Unit/data=!4m2!3m1!1s0x30e298dbba02c5c1:0x33b816de99628073,
Somtum Der,,https://www.google.com/maps/place/Somtum+Der/data=!4m2!3m1!1s0x30e29f2eb930f5e9:0x7b4f8ccd91542b63,
Street Food Market,"Really great street food market, lots of options and high quality. Local enough to not have English menus",https://www.google.com/maps/place/Street+Food+Market/data=!4m2!3m1!1s0x30e29f70aa9f90ef:0x6c0591f961c44cfe,
Supanniga Eating Room by Khun Yai,,https://www.google.com/maps/place/Supanniga+Eating+Room+by+Khun+Yai/data=!4m2!3m1!1s0x30e29fac93312861:0x90a83324a47c133b,
Gelato Lab,"Gelato with unique Cambodian flavors. Try their chocolate with Kampot black pepper. Truly freshly homemade, you can see them make it in the back",https://www.google.com/maps/place/Gelato+Lab/data=!4m2!3m1!1s0x311017655b40cf91:0x9b40f492ce2a277a,
លតឆាសៀមរាប១៩៩១,"Specialize in Khmer short noodle dish, multiple locations. This is the original",https://www.google.com/maps/place/%E1%9E%9B%E1%9E%8F%E1%9E%86%E1%9E%B6%E1%9E%9F%E1%9F%80%E1%9E%98%E1%9E%9A%E1%9E%B6%E1%9E%94%E1%9F%A1%E1%9F%A9%E1%9F%A9%E1%9F%A1/data=!4m2!3m1!1s0x311017aafcfcf619:0x3344f750f4aa3bbd,
Sambo Khmer & Thai Restaurant,,https://www.google.com/maps/place/Sambo+Khmer+%26+Thai+Restaurant/data=!4m2!3m1!1s0x3110170d7b8e2a7b:0xc2c9ae6ca57e9e88,
Old Market,Check out the insane selection of the morning wet market ,https://www.google.com/maps/place/Old+Market/data=!4m2!3m1!1s0x311017653f769b4d:0x4e0df6332e93a41d,
Je Nan Restaurant Wat Damnak,Khmer Breakfast,https://www.google.com/maps/place/Je+Nan+Restaurant+Wat+Damnak/data=!4m2!3m1!1s0x3110170319fa525b:0x99e356b0823cc239,
Tevy’s Place,Really delicious Khmer cooking,https://www.google.com/maps/place/Tevy%E2%80%99s+Place/data=!4m2!3m1!1s0x3110177a8e05473d:0x8b297a00363d1d19,
theCOMMONS,"Really aesthetic third space, lots of outdoor seating to work or hang out with friends. It’s an open plaza",https://www.google.com/maps/place/theCOMMONS/data=!4m2!3m1!1s0x30e29e5308ac9299:0x9f57d66e4104958d,
Gokfayuen,"Noodles from diff regions of China, specializing in Hong Kong noodles. Decently affordable ",https://www.google.com/maps/place/Gokfayuen/data=!4m2!3m1!1s0x30e29e53473e7ab1:0xb24989192af5e5d2,
Pier 21,"Great food court in Terminal 21. The ground floor food court has street food that's exactly the same price as outside, which is super unique. Most malls charge a premium",https://www.google.com/maps/place/Pier+21/data=!4m2!3m1!1s0x30e29ee39e563b0b:0x33ce8f75edc2c9c5,
The Office Thonglor,Yuppie place to work,https://www.google.com/maps/place/The+Office+Thonglor/data=!4m2!3m1!1s0x30e29ffffc8411ab:0x9b869a1252421e05,
KIF,"Great place to work, so many seats and chargers",https://www.google.com/maps/place/KIF/data=!4m2!3m1!1s0x30e29fc47ba501e1:0xe4f5d59ac109bf5d,
Zaew Thonglor - Since 19784,"Various noodles and soups, some hard to find. Their minced pork soup is pretty soothing",https://www.google.com/maps/place/Zaew+Thonglor+-+Since+19784/data=!4m2!3m1!1s0x30e29fa8d167b9cb:0x3bfb0408c9fe1ae7,
Balkan Restaurant,"Cafeteria style, workers lunch. Get a different angle of Turkish homestyle cooking ",https://www.google.com/maps/place/Balkan+Restaurant/data=!4m2!3m1!1s0x14cab99549e8c953:0x89b802705427aef6,
Golden Shish Döner & Cağ Kebap,Specialize in horizontal kebab,https://www.google.com/maps/place/Golden+Shish+D%C3%B6ner+%26+Ca%C4%9F+Kebap/data=!4m2!3m1!1s0x14cab9def23aeba7:0x3dded08045d69257,
Sokak Lezzeti Tarihi Balık Dürümcü Mehmet Usta,"Grilled fish wrap, a popular street food",https://www.google.com/maps/place/Sokak+Lezzeti+Tarihi+Bal%C4%B1k+D%C3%BCr%C3%BCmc%C3%BC+Mehmet+Usta/data=!4m2!3m1!1s0x14cab9dda9f1b0fb:0xf35f3649e59f506d,
Sayla Manti,"Turkish dumplings, like tiny wontons stuffed with meat",https://www.google.com/maps/place/Sayla+Manti/data=!4m2!3m1!1s0x14cab867a8bd08f5:0x2d1b71cbc4adf4d8,
Namlı Gurme,"Deli style restaurant, great for sandwiches. Apparently good breakfast too",https://www.google.com/maps/place/Naml%C4%B1+Gurme/data=!4m2!3m1!1s0x14cab9dd4bf78723:0xf1e6af05f421bb08,
Anadolu Nargile Çorlulu Ali Paşa Medresesi,Peak Turkish hookah bar vibes,https://www.google.com/maps/place/Anadolu+Nargile+%C3%87orlulu+Ali+Pa%C5%9Fa+Medresesi/data=!4m2!3m1!1s0x14cab9911d3d8327:0x8cfbcd673ee5fb37,
Borsam Taşfırın Bahariye,"Lahmacun, Turkish ""pizza"", more like meat on flatbread, very delicious and made to order. A good snack",https://www.google.com/maps/place/Borsam+Ta%C5%9Ff%C4%B1r%C4%B1n+Bahariye/data=!4m2!3m1!1s0x14cacf7309948121:0x487c1330925a7567,
Popstel LIQUOR,"Bar with outdoor patio, vibey dj. Everyone there is so cool",https://www.google.com/maps/place/Popstel+LIQUOR/data=!4m2!3m1!1s0x14cab74794224915:0xed4c4ae3b21406e7,
Tomtom Kebap,"Flame grilled kebab, really solid",https://www.google.com/maps/place/Tomtom+Kebap/data=!4m2!3m1!1s0x14cab9eae5fd45f9:0x400841e9e80099c7,
Pudding Shop Lale Restaurant,"Has a lot of history and lore as a stopping place for hippies traveling to the east in the 60s and 70s. The food is very meh but the pudding is still good.

Go there to catch the vibe of young hippies traveling and discovering the east",https://www.google.com/maps/place/Pudding+Shop+Lale+Restaurant/data=!4m2!3m1!1s0x40887625cffec2df:0x39e6a93fa7e2860a,
Lades Menemen,"It has a greasy spoon diner sort of vibe, love the local vibe. Specialty is menemen ",https://www.google.com/maps/place/Lades+Menemen/data=!4m2!3m1!1s0x14cab76410b66163:0xe4209e430f1f2b10,
Meşale Restaurant & Cafe,They have live music and spinning dervish performances every night,https://www.google.com/maps/place/Me%C5%9Fale+Restaurant+%26+Cafe/data=!4m2!3m1!1s0x14cab990ae979125:0x80ae94be0b8e228a,
Karaköy Güllüoğlu - Nadir Güllü,"Baklava and Turkish delights, very popular as gifts too ",https://www.google.com/maps/place/Karak%C3%B6y+G%C3%BCll%C3%BCo%C4%9Flu+-+Nadir+G%C3%BCll%C3%BC/data=!4m2!3m1!1s0x14cab9e8144a79f5:0xf03e0f395d361ad8,
Karaköy Muhallebicisi,,https://www.google.com/maps/place/Karak%C3%B6y+Muhallebicisi/data=!4m2!3m1!1s0x14cab9e819a45085:0x457dfe06f608d823,
KURUFASÜLYECİ ALİ BABA,"Idk why the ratings are low, it’s pretty good. Speciality is beans and rice",https://www.google.com/maps/place/KURUFAS%C3%9CLYEC%C4%B0+AL%C4%B0+BABA/data=!4m2!3m1!1s0x14cab98d6c19adb1:0xcd28ba25f7557037,
Angelo's,"Really quality place. Dishes are a bit more expensive than most places but the quality absolutely matches. Genuinely a family run restaurant, they got the while family working there. They do a few small variations of classic Roman dishes. Great service too",https://www.google.com/maps/place/Angelo's/data=!4m2!3m1!1s0x132f613cc994fecf:0xb62ba6121832d608,
Pinsa & Gusto,Suuuper delicious Roman pizza. Get their fritters too. Hella locals only,https://www.google.com/maps/place/Pinsa+%26+Gusto/data=!4m2!3m1!1s0x132f60757edf6145:0x3502173ca06a81e3,
POMPI,Tiramisu,https://www.google.com/maps/place/POMPI/data=!4m2!3m1!1s0x132f6060c6db7ec9:0xc20db8249bb25101,
Vecchia Osteria Del Gelsomino,"Support local place off the Main Street, you’ll be one of the only tourists there",https://www.google.com/maps/place/Vecchia+Osteria+Del+Gelsomino/data=!4m2!3m1!1s0x132f6071ffcf9a55:0xb2298edf116e4e4a,
Pinsa 'mpò - pinseria romana a roma prati vaticano,"Roman style pizza , ingredients are fresh and they really pile it on",https://www.google.com/maps/place/Pinsa+'mp%C3%B2+-+pinseria+romana+a+roma+prati+vaticano/data=!4m2!3m1!1s0x132f6060df79db2b:0x2519ccbff23c3cfc,
Bono Bottega Nostrana- San Pietro,,https://www.google.com/maps/place/Bono+Bottega+Nostrana-+San+Pietro/data=!4m2!3m1!1s0x132f61bf389f8847:0xa16f9a59c0a210b7,
Saporizzo,Really delicious Italian sandwich shop very generous sizes. They shave the meat fresh for every order.,https://www.google.com/maps/place/Saporizzo/data=!4m2!3m1!1s0x132f615936c7a9d9:0x37e7e44fa5f05164,
Ristorante pizzeria Buona Forchetta,,https://www.google.com/maps/place/Ristorante+pizzeria+Buona+Forchetta/data=!4m2!3m1!1s0x132f606de59b2503:0x5fa03c4031af41bb,
La Casa del Caffè Tazza d'Oro,,https://www.google.com/maps/place/La+Casa+del+Caff%C3%A8+Tazza+d'Oro/data=!4m2!3m1!1s0x132f6051ee328ec5:0x197728ebbbd1244c,
hostaria del roody,Hidden gem restaurant off the main streets of Trevastere,https://www.google.com/maps/place/hostaria+del+roody/data=!4m2!3m1!1s0x132f6122ab9afadd:0x51d7faa5699d890d,
Gelateria La Romana,,https://www.google.com/maps/place/Gelateria+La+Romana/data=!4m2!3m1!1s0x132f60587684735b:0xc455ac916bb9137f,
Ristorante Tre Scalini,"Reviews make it seem tourist trap-y which may be true, but what’s also true is they’re known for this one flavor of chocolate gelato that’s incredibly rich and decadent called Il Tartufo",https://www.google.com/maps/place/Ristorante+Tre+Scalini/data=!4m2!3m1!1s0x132f604ffde6ac8b:0xcbd10202f66e5d8c,
Antica Osteria Rugantino,,https://www.google.com/maps/place/Antica+Osteria+Rugantino/data=!4m2!3m1!1s0x132f60481df319cd:0xf264600ca17bcc55,
Mox Caffè,,https://www.google.com/maps/place/Mox+Caff%C3%A8/data=!4m2!3m1!1s0x132f606e4c172095:0x81f163b67d6b3935,
Ristorante La Canonica Roma,,https://www.google.com/maps/place/Ristorante+La+Canonica+Roma/data=!4m2!3m1!1s0x132f604780690f89:0xf65e778bec265988,
Gelateria Fassi - Gelato artigianale a Roma dal 1880,"Authentic gelato that’s been family run since 1800s. They do it super traditional, and you get the option of adding panna on top, which is like an unsweetened whipped cream. Prices start at just €2",https://www.google.com/maps/place/Gelateria+Fassi+-+Gelato+artigianale+a+Roma+dal+1880/data=!4m2!3m1!1s0x132f6159f51ca185:0xcb9b2f929a2b66fb,
Osteria Antichi Sapori,"Just a really solid neighborhood trattoria, serves all your Roman favorites and everything is homemade. Locals only here",https://www.google.com/maps/place/Osteria+Antichi+Sapori/data=!4m2!3m1!1s0x1325f01cf064378b:0xafa421b5f11ecdef,
Caffè Antica Roma,Hella local espresso bar,https://www.google.com/maps/place/Caff%C3%A8+Antica+Roma/data=!4m2!3m1!1s0x132f61b7f4a58291:0x5bbb609748461c99,
12 × 12,Lounge-y bar with techno dj. Talkable,https://www.google.com/maps/place/12+%C3%97+12/data=!4m2!3m1!1s0x30e29e52732369d3:0xacdddb603055898e,
NANA Coffee Roasters Ari,"Coffee shop with a house dj playing. Great vibes, good drinks, nice garden you can sit at",https://www.google.com/maps/place/NANA+Coffee+Roasters+Ari/data=!4m2!3m1!1s0x30e29d5b73dc4c97:0x4a388f8b9e07b1e8,
Ongtong Khaosoi Ari Branch,,https://www.google.com/maps/place/Ongtong+Khaosoi+Ari+Branch/data=!4m2!3m1!1s0x30e29c1d97b7694f:0x166492c07fae387f,
Chez Diplomate,Local Thai menswear shop ,https://www.google.com/maps/place/Chez+Diplomate/data=!4m2!3m1!1s0x30e29d9d1abd50ef:0xb720fd7f0c6219c4,
Siam Paragon Food Hall,"Crazy extensive and fancy food court, honestly overwhelming. Think Harrod's food court x1000",https://www.google.com/maps/place/Siam+Paragon+Food+Hall/data=!4m2!3m1!1s0x30e29ecde283a48f:0xff2b0c5e9904d498,
ICONSIAM,Go for the food court - they have a whole recreated night market on the ground floor,https://www.google.com/maps/place/ICONSIAM/data=!4m2!3m1!1s0x30e299cd81f01815:0x1660bd86761a92f4,
Here Hai,"Crab omelette and crab fried rice, Michelin rated. Huge line.

They have other dishes too that are also solid. Really good at wok hei. They had a stir fried cabbage with cracklings dish that I thought was possibly even better than their fried rice. lol",https://www.google.com/maps/place/Here+Hai/data=!4m2!3m1!1s0x30e29f33560d4b4d:0x26248887c4796190,
DONKI Mall Thong Lor,"Japanese supermarket and mall, related to Don Quixote",https://www.google.com/maps/place/DONKI+Mall+Thong+Lor/data=!4m2!3m1!1s0x30e29fb29f7759cf:0x359e5744a0b268be,
Uncle Jeff Kitchen (Malaysian Cuisine) 简记茶室,Okay Nasi lemak.. I’ve had better in Malaysia obviously,https://www.google.com/maps/place/Uncle+Jeff+Kitchen+(Malaysian+Cuisine)+%E7%AE%80%E8%AE%B0%E8%8C%B6%E5%AE%A4/data=!4m2!3m1!1s0x30e29e4eba357769:0x7313b2b7bad3a538,
ลุงปิ่นเกาเหลาเลือดหมูสุขุมวิท 95/1,Hawker stall selling noodles. Good portions and clean ,https://www.google.com/maps/place/%E0%B8%A5%E0%B8%B8%E0%B8%87%E0%B8%9B%E0%B8%B4%E0%B9%88%E0%B8%99%E0%B9%80%E0%B8%81%E0%B8%B2%E0%B9%80%E0%B8%AB%E0%B8%A5%E0%B8%B2%E0%B9%80%E0%B8%A5%E0%B8%B7%E0%B8%AD%E0%B8%94%E0%B8%AB%E0%B8%A1%E0%B8%B9%E0%B8%AA%E0%B8%B8%E0%B8%82%E0%B8%B8%E0%B8%A1%E0%B8%A7%E0%B8%B4%E0%B8%97+95%2F1/data=!4m2!3m1!1s0x30e29f696d0f83bf:0xf1e51ccd09df700f,
Mae Varee Mango Sticky Rice,,https://www.google.com/maps/place/Mae+Varee+Mango+Sticky+Rice/data=!4m2!3m1!1s0x30e29fa8d88eba6d:0x2e02b0e0a4659c21,
House Samyan,"Movie theater that only shows indie and classics, especially international films",https://www.google.com/maps/place/House+Samyan/data=!4m2!3m1!1s0x30e2997370405011:0x1ff46f381f8812f,
Hong Sieng Kong,"Cafe and gallery by the river. They tastefully renovated a set of old shophouses and it still keeps that old Thai-Chinese vibe

They have live music playing sometimes",https://www.google.com/maps/place/Hong+Sieng+Kong/data=!4m2!3m1!1s0x30e299a0160ccde7:0x2b7dafd1bfe99787,
Rung Rueang Pork Tung Noodle,"Michelin-recommended Tom Yum, good stuff. Get it soupy or dry. They don't play with the meats, they'll give you intestine and kidney and shit like that

There's like 3 locations on the same block so lines aren't too bad",https://www.google.com/maps/place/Rung+Rueang+Pork+Tung+Noodle/data=!4m2!3m1!1s0x30e29f013f990233:0xcfa088d942a40c92,
Phed Mark,Pad kra pao,https://www.google.com/maps/place/Phed+Mark/data=!4m2!3m1!1s0x30e29f4fd8465ed7:0xa0cb0b9d6b462219,
Allso Bar (Open Laaaaate),,https://www.google.com/maps/place/Allso+Bar+(Open+Laaaaate)/data=!4m2!3m1!1s0x30e29fd61914d96b:0xab95f6eadc06c7ec,
Pak Khlong Talat (Flower Market),,https://www.google.com/maps/place/Pak+Khlong+Talat+(Flower+Market)/data=!4m2!3m1!1s0x30e2991c9e26e52f:0x72829d36513e06bb,
White Flower Factory - ครัวดอกไม้ขาว,,https://www.google.com/maps/place/White+Flower+Factory+-+%E0%B8%84%E0%B8%A3%E0%B8%B1%E0%B8%A7%E0%B8%94%E0%B8%AD%E0%B8%81%E0%B9%84%E0%B8%A1%E0%B9%89%E0%B8%82%E0%B8%B2%E0%B8%A7/data=!4m2!3m1!1s0x30e29ed276d17ef7:0x17370b0404b31b3d,
Krua Jiang Mai,"Great northern Thai cuisine, lots of variations on classic dishes. Khao soi was good",https://www.google.com/maps/place/Krua+Jiang+Mai/data=!4m2!3m1!1s0x30e29e53193abb87:0xd05b003a59a3979,
Korean Town,Huge plaza with Korean restaurants galore,https://www.google.com/maps/place/Korean+Town/data=!4m2!3m1!1s0x30e29ee3fca10317:0x8e7b2afc15d8fe26,
Jobang Nak Ji,"Specializes in octopus. Hella Korean, with MBC blasting and ajummas playing cards im the ground floor",https://www.google.com/maps/place/Jobang+Nak+Ji/data=!4m2!3m1!1s0x30e29ee3e32e9a83:0x3aed6579e3619396,
Nanase Ramen Thonglor,They do all sorts of ramen dishes both wet and dry,https://www.google.com/maps/place/Nanase+Ramen+Thonglor/data=!4m2!3m1!1s0x30e29fa8d15a22dd:0xe19e6089d43a05d5,
Seiryu Ramen - Thong Lo,There’s an okonomiyaki place upstairs.. not the worst and it has a Japanese back alley izakaya  shop vibe,https://www.google.com/maps/place/Seiryu+Ramen+-+Thong+Lo/data=!4m2!3m1!1s0x30e29fb4aed5e815:0x9cddb5aa071b99ee,
Ice kitchen,,https://www.google.com/maps/place/Ice+kitchen/data=!4m2!3m1!1s0x30e29f0055f1337b:0x4a282548e5f5896,
Wallflowers Cafe,"A flower shop, cafe, and bar in a v cute alleyway. All owned by the same group",https://www.google.com/maps/place/Wallflowers+Cafe/data=!4m2!3m1!1s0x30e2991753e9d7db:0x7f9efe6c46bf5bc0,
Heng Yod Phak,Known for their gravy noodles,https://www.google.com/maps/place/Heng+Yod+Phak/data=!4m2!3m1!1s0x30e29926aea15d1f:0x2e79b3c2f60c3973,
The Toast Lady,"She’s the Toast Lady, she makes toast over charcoal",https://www.google.com/maps/place/The+Toast+Lady/data=!4m2!3m1!1s0x30e2998ad4795321:0x35d785000a4ec5a2,
บะหมี่คนแซ่ลี ทองหล่อ - Bamee Kon Sae Lee (Thong Lo),,https://www.google.com/maps/place/%E0%B8%9A%E0%B8%B0%E0%B8%AB%E0%B8%A1%E0%B8%B5%E0%B9%88%E0%B8%84%E0%B8%99%E0%B9%81%E0%B8%8B%E0%B9%88%E0%B8%A5%E0%B8%B5+%E0%B8%97%E0%B8%AD%E0%B8%87%E0%B8%AB%E0%B8%A5%E0%B9%88%E0%B8%AD+-+Bamee+Kon+Sae+Lee+(Thong+Lo)/data=!4m2!3m1!1s0x30e29fa8d0d04c5d:0x34c533bf505feaa6,
Food Street Soi 38,,https://www.google.com/maps/place/Food+Street+Soi+38/data=!4m2!3m1!1s0x30e29fa8dd0f2bd5:0x81ff4f3eefb116cb,
Jok Prince,,https://www.google.com/maps/place/Jok+Prince/data=!4m2!3m1!1s0x30e298c5ae4db7f9:0xa7904c168b6f6d83,
Bang Chak Market,,https://www.google.com/maps/place/Bang+Chak+Market/data=!4m2!3m1!1s0x30e29f5b28a18071:0x9da62781f63a090a,
Heng Heng Hainanese Chicken Rice,"Best chicken rice in Bangkok, better then go ang 

It’s hella street, served from a street card with sidewalk seating in front of other restaurants. 

It’s in the details: bowl of soup often has a rack of chicken in it, with a ginger piece. They serve you liver pieces on top of pork blood. Chicken has major pieces of lean meat, not just cheap fatty pieces with lots of skin. Sauce is not too spicy, with heavy emphasis on doubanjiang. Locals line up for it",https://www.google.com/maps/place/Heng+Heng+Hainanese+Chicken+Rice/data=!4m2!3m1!1s0x30e29f0183f26635:0x7d1b1b5f173fc4aa,
ร้านลาบ 89 รสแซ่บ,,https://www.google.com/maps/place/%E0%B8%A3%E0%B9%89%E0%B8%B2%E0%B8%99%E0%B8%A5%E0%B8%B2%E0%B8%9A+89+%E0%B8%A3%E0%B8%AA%E0%B9%81%E0%B8%8B%E0%B9%88%E0%B8%9A/data=!4m2!3m1!1s0x30e29fee906c8d1f:0x2abaa53ce188ed10,
Chatuchak Weekend Market,"Traditional market with street food and lots of unique small local brands and vintage shops. With the typical touristy stores too ofc, but wander around the back alleys and you'll find some really unique brands",https://www.google.com/maps/place/Chatuchak+Weekend+Market/data=!4m2!3m1!1s0x30e29c14e883f8dd:0x91f191d784b87d4b,
Go-Ang Pratu Nam Chicken Rice (Siam Paragon),"Go-Ang outpost in the food court of a mall. Much more comfortable to eat there, idk if there's much of a diff from eating at the original one",https://www.google.com/maps/place/Go-Ang+Pratu+Nam+Chicken+Rice+(Siam+Paragon)/data=!4m2!3m1!1s0x30e29ff2917286e5:0x571d8093177550ff,
Red Building Vintage Chatuchak,"Huge mall of vintage and antique shops, pretty good selection",https://www.google.com/maps/place/Red+Building+Vintage+Chatuchak/data=!4m2!3m1!1s0x30e29d38a00ea5fd:0xb6e9134fe0b1d2af,
168​ Thai​ Restaurant - Chatuchak Market จตุจักร,Great Thai home cooking ,https://www.google.com/maps/place/168%E2%80%8B+Thai%E2%80%8B+Restaurant+-+Chatuchak+Market+%E0%B8%88%E0%B8%95%E0%B8%B8%E0%B8%88%E0%B8%B1%E0%B8%81%E0%B8%A3/data=!4m2!3m1!1s0x30e29d130db4b961:0x3d812b9cb8810ca1,
Baan Somtum Sukhumvit,Super great restaurant for Isaan food,https://www.google.com/maps/place/Baan+Somtum+Sukhumvit/data=!4m2!3m1!1s0x30e29fa444bf2de3:0xeddab8460627a204,
ลูกไก่ทอง,Really delicious Thai-Chinese royal cooking. Known for their Thai ice teas. Michelin rated,https://www.google.com/maps/place/%E0%B8%A5%E0%B8%B9%E0%B8%81%E0%B9%84%E0%B8%81%E0%B9%88%E0%B8%97%E0%B8%AD%E0%B8%87/data=!4m2!3m1!1s0x30e29f019236f8ed:0xd700f3a51499822d,
Jarunee,Cafeteria style restaurant serving down to earth Thai staples,https://www.google.com/maps/place/Jarunee/data=!4m2!3m1!1s0x30e29fe80af70d17:0xc1ce70fc6423afc1,
Cafe de las Horas,"Vibey interior, like a flapper 1920s style",https://www.google.com/maps/place/Cafe+de+las+Horas/data=!4m2!3m1!1s0xd604f52c6f59eb9:0xb198c93b2ae09ee3,
Mercat Central de València,,https://www.google.com/maps/place/Mercat+Central+de+Val%C3%A8ncia/data=!4m2!3m1!1s0xd604f4ea7d4e61b:0x1243035689245d8d,
Jávea Local Market,,https://www.google.com/maps/place/J%C3%A1vea+Local+Market/data=!4m2!3m1!1s0x129e0f97582fdbd9:0xb206938a0f15be1a,
Café Triskel,,https://www.google.com/maps/place/Caf%C3%A9+Triskel/data=!4m2!3m1!1s0x129e0f90af8c86f9:0xe413942fa5de99ac,
Barket i Mercat,,https://www.google.com/maps/place/Barket+i+Mercat/data=!4m2!3m1!1s0x129e0f8b70686b1d:0x565f568f45586178,
Cafetería - L'Encant,,https://www.google.com/maps/place/Cafeter%C3%ADa+-+L'Encant/data=!4m2!3m1!1s0x129e0f900a3a07c1:0x744cafe2bae35e46,
Restaurant Cajita Azul,Drink long enough and drink with the owner Tangi,https://www.google.com/maps/place/Restaurant+Cajita+Azul/data=!4m2!3m1!1s0x129e0f9a7a5a7cdd:0xc6c58d85c106b406,
La Parrilla Del Celler,"Eclectic menu, friendly atmosphere ",https://www.google.com/maps/place/La+Parrilla+Del+Celler/data=!4m2!3m1!1s0x129e0f90a8757de5:0x1e737f6483048198,
Miramar Restaurante,,https://www.google.com/maps/place/Miramar+Restaurante/data=!4m2!3m1!1s0x129e0fb6a0fb5bef:0xa04962fd0c11d595,
Tescafes,Small lil Moroccan cafe with nice pastries. Friendly owner and cute earnest atmosphere,https://www.google.com/maps/place/Tescafes/data=!4m2!3m1!1s0x129e0f9dfdeacc93:0x64b58ea7f88d0fcf,
Isabor,,https://www.google.com/maps/place/Isabor/data=!4m2!3m1!1s0x129e0fd38f512517:0xeb0f0f27e35d0bd3,
Dulces Tentaciones Lounge Café Bar,Affordable and delicious local cafe and tapas. Good for breakfast but honestly any meal seems good,https://www.google.com/maps/place/Dulces+Tentaciones+Lounge+Caf%C3%A9+Bar/data=!4m2!3m1!1s0x129e0f9af4b4147d:0x741cb6caade2a71d,
Tasca La Rebotica,,https://www.google.com/maps/place/Tasca+La+Rebotica/data=!4m2!3m1!1s0x129e0f90a0a9d18f:0x14d8a5977643b1d3,
Ottolenghi Islington,"Famous Isaraeli restaurant, deli vibes so a focus on cold foods. Good for lunch. Their “salads” (basically, sides) are incredible",https://www.google.com/maps/place/Ottolenghi+Islington/data=!4m2!3m1!1s0x48761b66f3a05861:0x33e90049b2e0ac8b,
Jolene Bakery & Restaurant,"Unexpectedly great pasta. Small plates to share, pair with wine",https://www.google.com/maps/place/Jolene+Bakery+%26+Restaurant/data=!4m2!3m1!1s0x48761d1b4e662873:0x2b2748b5dcf20b57,
Double Standard,"Incredible interior design, like a jazz lounge mixed with mid century modern mixed with space age mixed with Scandinavian design. Great vibes for working. Lots of people on laptops with cocktails or beers in hand. Vibey music. Open late. Come at night for vibes",https://www.google.com/maps/place/Double+Standard/data=!4m2!3m1!1s0x48761bfbfb56e331:0x7efc21fae2e280f9,
The Library Lounge,"Adjacent to the Double Standard, basically an extension. Also super vibey ",https://www.google.com/maps/place/The+Library+Lounge/data=!4m2!3m1!1s0x48761b4daa622ecd:0x5354e3436d689719,
Harrods Food Halls,,https://www.google.com/maps/place/Harrods+Food+Halls/data=!4m2!3m1!1s0x487605d36adb9d69:0x4e64ba334bf9cf10,
Hawksmoor Knightsbridge,"Sunday roast, book ahead",https://www.google.com/maps/place/Hawksmoor+Knightsbridge/data=!4m2!3m1!1s0x48760540e4715c7d:0x38b309225977e95,
Dishoom Shoreditch,,https://www.google.com/maps/place/Dishoom+Shoreditch/data=!4m2!3m1!1s0x48761cba02358bc5:0xe77da8b93c776df8,
Cheeky Scone,Spring’s rec,https://www.google.com/maps/place/Cheeky+Scone/data=!4m2!3m1!1s0x48760fa7c9fc0977:0x9ab7ed64f364f82b,
E Pellicci,"English breakfast. Super locals place, even though it’s become a tourist destination. Could be a long line",https://www.google.com/maps/place/E+Pellicci/data=!4m2!3m1!1s0x48761cc5ebe9ec3d:0x9e5d80938bd1e5ef,
Lina Stores Italian Restaurant & Deli King's Cross,,https://www.google.com/maps/place/Lina+Stores+Italian+Restaurant+%26+Deli+King's+Cross/data=!4m2!3m1!1s0x48761b86ef5a87fb:0x42e856aa2ca66099,
Mikkeller Brewpub London,,https://www.google.com/maps/place/Mikkeller+Brewpub+London/data=!4m2!3m1!1s0x48761baf8621ae05:0xa2bd1993548cc9e6,
Tabac,Outdoor patio ,https://www.google.com/maps/place/Tabac/data=!4m2!3m1!1s0x48761b56e3794955:0x228c94440e27125e,
The Hoop and Grapes,,https://www.google.com/maps/place/The+Hoop+and+Grapes/data=!4m2!3m1!1s0x4876034b397428a9:0x95b223669cf43c23,
The Mayflower Pub,,https://www.google.com/maps/place/The+Mayflower+Pub/data=!4m2!3m1!1s0x48760324328c71a3:0xcb470bee32fa422c,
Gamnamuzip,Good authentic Korean restaurant in London,https://www.google.com/maps/place/Gamnamuzip/data=!4m2!3m1!1s0x48761bec5981889b:0x41deb19bd77a4d25,
Muscleworks Gym,,https://www.google.com/maps/place/Muscleworks+Gym/data=!4m2!3m1!1s0x48761cc5ecbf2cb5:0xd6fa9da0f50d0fcb,
SENZO,Nice spacious coffee shop to work out of. Strong coffee. You could also see a part of the London Wall inside the building,https://www.google.com/maps/place/SENZO/data=!4m2!3m1!1s0x487603865e74852d:0x47b9fe8c34724c69,
Little Lucca,,https://www.google.com/maps/place/Little+Lucca/data=!4m2!3m1!1s0x808f77b48241d575:0xae4eb810a145c954,
Dad's Luncheonette,Sandwiches by 3 Michelin star chef of Saison,https://www.google.com/maps/place/Dad's+Luncheonette/data=!4m2!3m1!1s0x808f74b2ff7ccf77:0x3e89dcb08d53985f,
San Gregorio General Store,,https://www.google.com/maps/place/San+Gregorio+General+Store/data=!4m2!3m1!1s0x808f0876e81466cf:0x1250dbd502d34779,
Terzo,,https://www.google.com/maps/place/Terzo/data=!4m2!3m1!1s0x808580d05a67c02b:0x465c4f5d0fc403f9,
Khan Toke Thai House,"Traditional Thai interior, you sit on cushions on the ground",https://www.google.com/maps/place/Khan+Toke+Thai+House/data=!4m2!3m1!1s0x8085872d6ffab961:0xb7bbcfb64818410f,
Kowloon Tong Dessert Cafe,Hong Kong style cafe with large desert menu,https://www.google.com/maps/place/Kowloon+Tong+Dessert+Cafe/data=!4m2!3m1!1s0x8085873e9bfb7053:0x3f6bd9dfac625e61,
Panchita's Pupusería & Restaurant,,https://www.google.com/maps/place/Panchita's+Pupuser%C3%ADa+%26+Restaurant/data=!4m2!3m1!1s0x808f7e2251f715f7:0x542a4fc2580e66c,
Four Barrel Coffee,Can work here. They also do affogatos. Bring your own mug for a discount,https://www.google.com/maps/place/Four+Barrel+Coffee/data=!4m2!3m1!1s0x808f7e218f9bf6ff:0xd739722d19b32b9b,
ABV,Prev entry on worlds 50 best bars,https://www.google.com/maps/place/ABV/data=!4m2!3m1!1s0x808f7e220ceb321f:0x289a2c0b0b0cf195,
Yamo,"Noodles, gritty, hole in the wall",https://www.google.com/maps/place/Yamo/data=!4m2!3m1!1s0x808f7e3cb785da59:0xfe0840361e8eba99,
Brothers Restaurant,"Charcoal grill kbbq , known for Kalbi",https://www.google.com/maps/place/Brothers+Restaurant/data=!4m2!3m1!1s0x8085873eb52758b9:0xd319f1ee2f6765bf,
Shiok! Singapore Kitchen,,https://www.google.com/maps/place/Shiok!+Singapore+Kitchen/data=!4m2!3m1!1s0x808fa4affcf76cbb:0xe9208c966e6a9e7,
Linea Caffe,,https://www.google.com/maps/place/Linea+Caffe/data=!4m2!3m1!1s0x808f7e3cbfae4b15:0xcae60c0a91648201,
DecoDance Bar,,https://www.google.com/maps/place/DecoDance+Bar/data=!4m2!3m1!1s0x808581f69efd2127:0x2439aa99f52e8d24,
Last Rites,Casey Feldman. Plane crash vibe. Dark tiki bar,https://www.google.com/maps/place/Last+Rites/data=!4m2!3m1!1s0x808f7fb950346911:0x9b0727fc24ffeec4,
Sunset Subs,"Ike’s dupe, cheap",https://www.google.com/maps/place/Sunset+Subs/data=!4m2!3m1!1s0x80858723405e331d:0xca5e3dd0542c131b,
Underdogs Tres,,https://www.google.com/maps/place/Underdogs+Tres/data=!4m2!3m1!1s0x80858765808efda1:0x8b5dbb1620cc71eb,
MOOHAN Korean BBQ,,https://www.google.com/maps/place/MOOHAN+Korean+BBQ/data=!4m2!3m1!1s0x80c2c751b9a0c191:0xb852ae6740125dc1,
Lilah,,https://www.google.com/maps/place/Lilah/data=!4m2!3m1!1s0x808581006259ec6d:0x94f27c843cfe78ed,
Bopomofo Cafe,,https://www.google.com/maps/place/Bopomofo+Cafe/data=!4m2!3m1!1s0x80c2db2b48517b31:0xf738e9710c739480,
Langer's Delicatessen-Restaurant,"This iconic deli is renowned for its pastrami sandwiches, especially the #19, which features pastrami, Swiss cheese, coleslaw, and Russian dressing on rye. It's often hailed as one of the best delis in the country.

Even though it’s so famous it doesn’t have a tourist trap feel like Katz’s. You can tell bc it’s filled with locals just having some breakfast or brunch",https://www.google.com/maps/place/Langer's+Delicatessen-Restaurant/data=!4m2!3m1!1s0x80c2c79f65c05a3f:0x36ae812febfdc501,
The Apple Pan,"This historic burger joint has been around since 1947 and is beloved for its no-frills, old-school burgers and pies.

The entire restaurant is a wraparound counter seating, and the service is impeccable.

The hickory burger is really good and the fries are always served fresh ",https://www.google.com/maps/place/The+Apple+Pan/data=!4m2!3m1!1s0x80c2bbbd330062c9:0xc51afbd304151d0a,
Jigger & Pony,Asia's 50 best bars,https://www.google.com/maps/place/Jigger+%26+Pony/data=!4m2!3m1!1s0x31da190d061da0df:0x41672a5a407459bc,
Avenues San Francisco,"Cafe, Musubis blocks from the beach. ",https://www.google.com/maps/place/Avenues+San+Francisco/data=!4m2!3m1!1s0x808f7d636a2d23e5:0x54310eb1d27df0bc,
Lab 88,Drinking place with soju towers.,https://www.google.com/maps/place/Lab+88/data=!4m2!3m1!1s0x80c2da13a5243543:0xd0bdc0b541f7f6b5,
Nopalito,,https://www.google.com/maps/place/Nopalito/data=!4m2!3m1!1s0x808580ae587adc59:0xe6e386ac00f01272,
Dumpling Home,,https://www.google.com/maps/place/Dumpling+Home/data=!4m2!3m1!1s0x808581af59f48295:0xfd724d8fafaa2e26,
Palm City,"Sundrenched wine bar sidewalk seating. 

Known for its sandwiches",https://www.google.com/maps/place/Palm+City/data=!4m2!3m1!1s0x8085870984eb6455:0x494b0682fb73bc1c,
Souvla,,https://www.google.com/maps/place/Souvla/data=!4m2!3m1!1s0x808580a26c77306d:0xb43108d1e99c8af1,
TONGA ROOM & HURRICANE BAR,,https://www.google.com/maps/place/TONGA+ROOM+%26+HURRICANE+BAR/data=!4m2!3m1!1s0x8085808d1ad53055:0xef5f5fa21e8d5af9,
Seoul Gom Tang,,https://www.google.com/maps/place/Seoul+Gom+Tang/data=!4m2!3m1!1s0x808fca1282127313:0xec5beae77718c944,
Egglicious India,Eggitarian Indian food lol.,https://www.google.com/maps/place/Egglicious+India/data=!4m2!3m1!1s0x808fcbc8c69abe5b:0x1dd216efa58d4e4e,
Katsuo & Kombu,,https://www.google.com/maps/place/Katsuo+%26+Kombu/data=!4m2!3m1!1s0x808581c711dee925:0x8c046c711552f86,
hed verythai,"Thai, served bento style with set meals. It’s so delicious ",https://www.google.com/maps/place/hed+verythai/data=!4m2!3m1!1s0x8085819c330a048b:0xa4fc522fa6bf0f28,
Qargo Coffee,,https://www.google.com/maps/place/Qargo+Coffee/data=!4m2!3m1!1s0x808fc9de1701162d:0x42c77e082eea3240,
Delah Coffee,"My favorite coffeeshop in SF (there's multiple locations in SF and east bay!). Turkish coffeeshop, built for working/hanging out.
- Open till 11pm every day
- Turkish pastries
- Turkish coffees
- Coffees are strong with big portions
- Free wifi
- Plenty seating
- No music sometimes
- Vibes are respectful and quiet",https://www.google.com/maps/place/Delah+Coffee/data=!4m2!3m1!1s0x808581990ca0ce2f:0x944118dbe8c9038d,
Happy Family Gourmet Inc,Really good! Hand cut noodles and dumplings. Dishes that are hard to get anywhere else. Big portions,https://www.google.com/maps/place/Happy+Family+Gourmet+Inc/data=!4m2!3m1!1s0x808f7d91b3fbffff:0x724c4b983ab3bbaf,
Das Bierhauz,,https://www.google.com/maps/place/Das+Bierhauz/data=!4m2!3m1!1s0x808fb7fb20a76c5b:0x4a7b782fe5f0355c,
Little Lucca,"Popular, could expect a line. Huge sandwiches, really good",https://www.google.com/maps/place/Little+Lucca/data=!4m2!3m1!1s0x808f799c3c0d3a41:0xf1f222d2141a8806,
Tony's Pizza Napoletana,No 19 in worlds best pizza,https://www.google.com/maps/place/Tony's+Pizza+Napoletana/data=!4m2!3m1!1s0x808580f112dc711d:0xbfb3fcde3487fb40,
Starlite,,https://www.google.com/maps/place/Starlite/data=!4m2!3m1!1s0x8085808ebdf68537:0x6aa263a7fed199ae,
Ben Tre Restaurant,,https://www.google.com/maps/place/Ben+Tre+Restaurant/data=!4m2!3m1!1s0x808f79aee7e3c631:0xa9591bdcbfbb35bc,
Polkcha,"Jae’s bar, Late night menu after 10. Get the baijiu shot and beer, that’ll fuck you up ",https://www.google.com/maps/place/Polkcha/data=!4m2!3m1!1s0x808581004f37d1f5:0x3efd302a5008632c,
ANINA,,https://www.google.com/maps/place/ANINA/data=!4m2!3m1!1s0x808580a276c0884f:0xe7427b360f1ade29,
a Mano,,https://www.google.com/maps/place/a+Mano/data=!4m2!3m1!1s0x808580989e6ef88d:0xf816822034a9be2f,
Scratch,,https://www.google.com/maps/place/Scratch/data=!4m2!3m1!1s0x808fb733a483354f:0xe52dd6af48274f23,
Apni Mandi Farmers Market Sunnyvale,"This place is open 24/7, they have a hot foods section that’s very regional and popular. Vegetarian. Very affordable 

I got the chole bhature, delicious",https://www.google.com/maps/place/Apni+Mandi+Farmers+Market+Sunnyvale/data=!4m2!3m1!1s0x808fb781e6e51629:0x3d0aad4919cfebc2,
Trick Dog,Poppin cocktail bar with a creative cocktail menu and good bar bites. You can hit this place and True Laurel back to back,https://www.google.com/maps/place/Trick+Dog/data=!4m2!3m1!1s0x808f7e373fb8cf15:0x1c67d1b3579cae7f,
Taqueria Pátzcuaro,"Al pastor, tortas",https://www.google.com/maps/place/Taqueria+P%C3%A1tzcuaro/data=!4m2!3m1!1s0x808fb66e3c196f4b:0x6ba1d63c4640bbc1,
Java Beach Cafe,,https://www.google.com/maps/place/Java+Beach+Cafe/data=!4m2!3m1!1s0x808587969d812a81:0xe153ea7a8d729785,
Black Bird Bookstore and Café,Cute family friendly bookstore and cafe. But they don’t allow laptops so you can’t work there,https://www.google.com/maps/place/Black+Bird+Bookstore+and+Caf%C3%A9/data=!4m2!3m1!1s0x80858797318d3bcd:0xc980296683aef995,
Ritual Coffee Roasters,"Looots of seats for working. But slightly expensive coffee, like $5 for an espresso",https://www.google.com/maps/place/Ritual+Coffee+Roasters/data=!4m2!3m1!1s0x808f7e3e89dacb9b:0x6b734213bb326353,
Le Marais Bakery,"French bakery and creperie, to the extent that many of the workers are french girls lol. Good for brunch and also working with a coffee",https://www.google.com/maps/place/Le+Marais+Bakery/data=!4m2!3m1!1s0x808f7e1a339111f1:0x6ea335d502441344,
El Charrito,"This place is interesting. It’s known for their burritos. They serve a unique style of burrito that’s very underfilled and flimsy, with just rice beans and meat. But it only costs $5.

Their meats are very tasty and many many options, all stewed meats, no grilled. 

Everything is homemade down to the tortillas and salsas.

The place used to be a convenience store, and they kept much of the convenience store aspect, with a wall of drinks fridges and racks of chips",https://www.google.com/maps/place/El+Charrito/data=!4m2!3m1!1s0x808df8c45e08f737:0x7f4de5a51204bdc8,
Meet Fresh Cupertino,,https://www.google.com/maps/place/Meet+Fresh+Cupertino/data=!4m2!3m1!1s0x808fb59e0e10c24d:0xc3b93e585ebfde02,
Jinsol Gukbap 3rd (진솔국밥 3가),"순대국밥. They give you huge portions. Both rice and noodles on the side. Hella banchan and unique banchan too. One of the banchan is soy marinated crab, crazy",https://www.google.com/maps/place/Jinsol+Gukbap+3rd+(%EC%A7%84%EC%86%94%EA%B5%AD%EB%B0%A5+3%EA%B0%80)/data=!4m2!3m1!1s0x80c2b97dc7b6ef03:0xe246e717fad24514,
Destroyer,"Jenny’s rec, Scandinavian breakfast/lunch",https://www.google.com/maps/place/Destroyer/data=!4m2!3m1!1s0x80c2b99ab5148abf:0xe63ca4fce42691c7,
Ahgassi Gopchang,Famous gopchang and kbbq restaurant visited by Korean celebs when they’re in LA. Open late,https://www.google.com/maps/place/Ahgassi+Gopchang/data=!4m2!3m1!1s0x80c2b89cb666c44d:0x822a072de7309428,
Dayglow,Tyler's rec. They have cool coffee-based cocktails,https://www.google.com/maps/place/Dayglow/data=!4m2!3m1!1s0x80c2c73f4c326ff9:0x15f057111ab67b3d,
Porto's Bakery and Cafe,,https://www.google.com/maps/place/Porto's+Bakery+and+Cafe/data=!4m2!3m1!1s0x80c29581d2fc8333:0x2bbe1a28d46a2726,
Borit Gogae,"Healthy Korean food, get the set menu",https://www.google.com/maps/place/Borit+Gogae/data=!4m2!3m1!1s0x80c2b94e21d71dc5:0x7ded7b7252ae4253,
Dan Sung Sa,Late night Korean style izakaya with really interesting exotic dishes. Interior feels like an old school grimy izakaya too,https://www.google.com/maps/place/Dan+Sung+Sa/data=!4m2!3m1!1s0x80c2c77c91ab6b01:0x72786640a7da4b2,
Maru Coffee,"Tyler’s rec, owned by Korean",https://www.google.com/maps/place/Maru+Coffee/data=!4m2!3m1!1s0x80c2c62011fa30ff:0x2ac90042413608fb,
Sichuan Impression,GOAT Sichuan place in 626,https://www.google.com/maps/place/Sichuan+Impression/data=!4m2!3m1!1s0x80c2c5122ae84031:0x87b928df1362ff9d,
Civil Coffee,Great outdoor patio area. Solid espresso served euro style with sparkling water,https://www.google.com/maps/place/Civil+Coffee/data=!4m2!3m1!1s0x80c2c4106fffe291:0x75d77643115b0800,
Petit Trois,"A small French bistro by chef Ludo Lefebvre, who owned Trois Mec, a Michelin star restaurant that closed in the pandemic 

Known for its classic French bistro dishes like escargot, steak frites, and croque monsieur. It's a go-to for anyone craving French comfort food in an intimate setting.

Highlight is the Big Mec, a burger that’s covered in their house reduction sauce. The fries were also perfect - like fresh McDonald’s fries but also with a creamy taste?",https://www.google.com/maps/place/Petit+Trois/data=!4m2!3m1!1s0x80c2b8d33ce3dcc9:0xb0a9252822b856f6,
Santa Barbara Shellfish Company,"Uni and other local seafood, not touristy . Has counter service and outdoor seating on the pier",https://www.google.com/maps/place/Santa+Barbara+Shellfish+Company/data=!4m2!3m1!1s0x80e913f2a6797bf9:0xf1719b284dcac9a3,
Harper & Rye,,https://www.google.com/maps/place/Harper+%26+Rye/data=!4m2!3m1!1s0x808580eb1d8107bb:0x1554013c629c8391,
Bob's Donut & Pastry Shop,,https://www.google.com/maps/place/Bob's+Donut+%26+Pastry+Shop/data=!4m2!3m1!1s0x808580eb1f5de18f:0xd31cb7a2bea69e22,
Brothers Cousins Tacos,,https://www.google.com/maps/place/Brothers+Cousins+Tacos/data=!4m2!3m1!1s0x80c2bb39158912b7:0x414c2505a382b167,
Don Pollon Food Truck,Bone marrow tacos in east la ,https://www.google.com/maps/place/Don+Pollon+Food+Truck/data=!4m2!3m1!1s0x80c2cf336fcb7775:0xd9a9a739f128ae3b,
Pacific Cocktail Haven,"North America's 50 Best Bars #38 in 2024

It has cocktails with asian ingredients. Okay cocktails, great atmosphere. Moody outdoor seating",https://www.google.com/maps/place/Pacific+Cocktail+Haven/data=!4m2!3m1!1s0x8085808e80f0678b:0x65dd807d5d205482,
Motoring Coffee,"Car themed coffeeshop - very cool vibes and playlist, cool clientele. Feels like it should be in like Silverlake neighborhood of LA (and it's originally from LA!)",https://www.google.com/maps/place/Motoring+Coffee/data=!4m2!3m1!1s0x808581006f1190df:0x94d1eefcb21be7b2,
Angele Restaurant & Bar,,https://www.google.com/maps/place/Angele+Restaurant+%26+Bar/data=!4m2!3m1!1s0x808506692b9a9409:0xd99f59aef9acc58,
Sterling Vineyards,Winery on top of a hill; amazing panoramic views of Napa Valley,https://www.google.com/maps/place/Sterling+Vineyards/data=!4m2!3m1!1s0x808507fd79b32903:0x8ee4a53966ee8657,
Cafe Réveille,"Great interior, cute outdoor seating, great playlists. Serves acai bowls and espresso with sparking water, the European way",https://www.google.com/maps/place/Cafe+R%C3%A9veille/data=!4m2!3m1!1s0x808580a6fa4585ef:0x40a859dd201e466f,
Ocean Beach Cafe,Cafe and non-alcoholic wine bar next to Ocean Beach! Locally owned vibes,https://www.google.com/maps/place/Ocean+Beach+Cafe/data=!4m2!3m1!1s0x808587a718b08a83:0xcb3ada8f14458da3,
Doppio Zero San Francisco,,https://www.google.com/maps/place/Doppio+Zero+San+Francisco/data=!4m2!3m1!1s0x80858098bf18d5b5:0xa54cb5627c85e368,
The San Francisco Athletic Club,"Great sports bar. Many many screens, decent bar food. The cover is kinda high for some sporting events ($20), but that just makes the place less crowded which is nice",https://www.google.com/maps/place/The+San+Francisco+Athletic+Club/data=!4m2!3m1!1s0x808580c994d2426b:0xc79dc7b2bf3bfb59,
아난티 남해 컨트리 클럽,,https://www.google.com/maps/place/%EC%95%84%EB%82%9C%ED%8B%B0+%EB%82%A8%ED%95%B4+%EC%BB%A8%ED%8A%B8%EB%A6%AC+%ED%81%B4%EB%9F%BD/data=!4m2!3m1!1s0x356e79efa8e50ad1:0xcf7c4de5ef8ba356,
Papalote,,https://www.google.com/maps/place/Papalote/data=!4m2!3m1!1s0x808f7e408639c109:0x5e2572656b1365d0,
Flour + Water,,https://www.google.com/maps/place/Flour+%2B+Water/data=!4m2!3m1!1s0x808f7e375e82560d:0x672c242d518603e0,
Chit Chat Cafe,Cafe by the ocean. Live music on weekends. Has a real neighborhood/cheerful vibe,https://www.google.com/maps/place/Chit+Chat+Cafe/data=!4m2!3m1!1s0x808f7b0a02fd348d:0x2996c6853a2fcb2f,
Mad Dog in the Fog,,https://www.google.com/maps/place/Mad+Dog+in+the+Fog/data=!4m2!3m1!1s0x808580a6bf93b597:0x86cabaa956e5f7f8,
Malaya Tea Room,Malaysian British high tea (Kaya toast etc),https://www.google.com/maps/place/Malaya+Tea+Room/data=!4m2!3m1!1s0x808f815e979272f7:0xcecbeecab83a6068,
4505 Burgers & BBQ,,https://www.google.com/maps/place/4505+Burgers+%26+BBQ/data=!4m2!3m1!1s0x808580b1d34b5935:0xabd595844df3daff,
Cha Cha Cha,Caribbean tapas,https://www.google.com/maps/place/Cha+Cha+Cha/data=!4m2!3m1!1s0x80858753d49e1c09:0x97a3a2b6c7bbd864,
House of Prime Rib,,https://www.google.com/maps/place/House+of+Prime+Rib/data=!4m2!3m1!1s0x808580ea69dcae83:0x3ef25abd292344d9,
Caffe Trieste,"Cash only. Beat generation writers and artists used to come to this cafe with lots of espresso coffee options. No frills, Italian vibe. Get the espresso. Live music on Saturdays.",https://www.google.com/maps/place/Caffe+Trieste/data=!4m2!3m1!1s0x808580f3f5da2173:0xee2ded4b4986b7ee,
Leleka Ukrainian Comfort Food (San Francisco),,https://www.google.com/maps/place/Leleka+Ukrainian+Comfort+Food+(San+Francisco)/data=!4m2!3m1!1s0x8085808986b060e9:0xe6252ece05699605,
Nepenthe,Great restaurant great bar great views great vibes,https://www.google.com/maps/place/Nepenthe/data=!4m2!3m1!1s0x808d845a0aedfc43:0xbbc17dd003d94244,
Golden Boy Pizza,"Focaccia pizza, iconic late night spot",https://www.google.com/maps/place/Golden+Boy+Pizza/data=!4m2!3m1!1s0x808580f15be21d9b:0xe113f26b1f7d55ae,
RT Rotisserie,Rotisserie chicken place by Rich Table. Their sides and sauces are rlly good,https://www.google.com/maps/place/RT+Rotisserie/data=!4m2!3m1!1s0x808581a56997c503:0xe257024f9da5c74e,
La Tasca Flamenca Bar de Tapas,,https://www.google.com/maps/place/La+Tasca+Flamenca+Bar+de+Tapas/data=!4m2!3m1!1s0x479ddf978f9eac07:0x80bf36102b4fd75f,
Café La Piazza,"Local spot for gelato and espresso, outdoor seating in the place. Hella locals vibe, sit and people watch",https://www.google.com/maps/place/Caf%C3%A9+La+Piazza/data=!4m2!3m1!1s0x479548d34bd0ba57:0x50873b4be3f482b2,
Brasserie du Cercle,Good place for Luxembourgish food,https://www.google.com/maps/place/Brasserie+du+Cercle/data=!4m2!3m1!1s0x47954f2ca6a3980f:0x21e42260a44acc0d,
Nana – Meze & Wine,Israeli mezze or small plates. Lots of varieties of drinks,https://www.google.com/maps/place/Nana+%E2%80%93+Meze+%26+Wine/data=!4m2!3m1!1s0x479ddf7f81fbe41f:0xc29d25bc6ab08d5f,
Augustiner Bräu Theresienhof - Illinger Haus,,https://www.google.com/maps/place/Augustiner+Br%C3%A4u+Theresienhof+-+Illinger+Haus/data=!4m2!3m1!1s0x479eff3db9f1334f:0x55e3f027d50bc286,
Erbil's Vegan & Mediterran,Vegetarian döner,https://www.google.com/maps/place/Erbil's+Vegan+%26+Mediterran/data=!4m2!3m1!1s0x479e75fbfd4bf435:0x2fb97d980c560f4b,
Kulturstrand der urbanauten,,https://www.google.com/maps/place/Kulturstrand+der+urbanauten/data=!4m2!3m1!1s0x479ddf7d346f153f:0x9cc821dd5394b329,
Rollo Kebap&Burgerhaus,,https://www.google.com/maps/place/Rollo+Kebap%26Burgerhaus/data=!4m2!3m1!1s0x479ddf855057a7cf:0x6f63bcb1ed41d4a6,
Song's Kitchen,,https://www.google.com/maps/place/Song's+Kitchen/data=!4m2!3m1!1s0x479ddfff45c730e1:0x2deaea01a5b90bf2,
Zattis Pizza Bar,,https://www.google.com/maps/place/Zattis+Pizza+Bar/data=!4m2!3m1!1s0x479eff79119372bb:0x2e1715be595f29a7,
Indian Mantra,Solid Indian food and lots of variety ,https://www.google.com/maps/place/Indian+Mantra/data=!4m2!3m1!1s0x479eff6dc7daef91:0x1106b574d747850e,
Jenny's Burger,"Solid burger fundamentals — flame grilled juicy patties, toasted sesame bun. Serve your own condiment station ",https://www.google.com/maps/place/Jenny's+Burger/data=!4m2!3m1!1s0x8085875d02827b37:0xd79430a6633ab909,
Ushi Taro Ramen,"Steak ramen, beef broth, beef karaage",https://www.google.com/maps/place/Ushi+Taro+Ramen/data=!4m2!3m1!1s0x8085878887644989:0xcc373399cd87ee1f,
Balboa Cafe,Espresso martinis ,https://www.google.com/maps/place/Balboa+Cafe/data=!4m2!3m1!1s0x808580d099f77961:0xadeb037c6fe4b1f7,
Sandy's,"New Orleans style muffuletta sandwiches — one of the best sandwiches I’ve had, ever",https://www.google.com/maps/place/Sandy's/data=!4m2!3m1!1s0x8085813a66a23c17:0x4fdf3deb1373b9d6,
Restaurant Mühle Sertig,"A cabin in the mountains next to a creek, not far from Davos. Serves delicious Kaiserschmarren, an Austrian shredded pancake dish",https://www.google.com/maps/place/Restaurant+M%C3%BChle+Sertig/data=!4m2!3m1!1s0x4784a171721df54d:0xb4e2099f228721c3,
Wirtshaus im Tutzinger Hof,Very delicious and unique Bavarian dishes. Has a seasonal menu. English friendly. Serves Weißwurst before noon,https://www.google.com/maps/place/Wirtshaus+im+Tutzinger+Hof/data=!4m2!3m1!1s0x4108f8057d64076b:0x6de342b640d1d90d,
El Nacional Barcelona,Very beautiful food hall -- check out their bathrooms lol,https://www.google.com/maps/place/El+Nacional+Barcelona/data=!4m2!3m1!1s0x12a4a2f26e459133:0xaec7b1e0ea06b75,
Dong Que Quan München,,https://www.google.com/maps/place/Dong+Que+Quan+M%C3%BCnchen/data=!4m2!3m1!1s0x479ddfd7a09af2e5:0xf1f9f915de43c23d,
Wirtshaus am Auwaldsee,,https://www.google.com/maps/place/Wirtshaus+am+Auwaldsee/data=!4m2!3m1!1s0x479eff9de2f4da23:0x6be35d26c8a26366,
Bräustüberl Zur Sudpfanne,,https://www.google.com/maps/place/Br%C3%A4ust%C3%BCberl+Zur+Sudpfanne/data=!4m2!3m1!1s0x479eff70c970838d:0x5d9fba545995833d,
Gordo Taqueria,"Cheap prices; you can get a super burrito with every meat option in it, really solid for the price",https://www.google.com/maps/place/Gordo+Taqueria/data=!4m2!3m1!1s0x8085875cfd7ec679:0xfda77ab0b4259bbe,
Gao Viet Kitchen,,https://www.google.com/maps/place/Gao+Viet+Kitchen/data=!4m2!3m1!1s0x8085872470ab1ffb:0xbda5fb88a30409d2,
Taco Bell,"Legit great spot lol, worth visiting ",https://www.google.com/maps/place/Taco+Bell/data=!4m2!3m1!1s0x808f7a9cca40694b:0x1f4f672b1a9eb1f7,
Mazzetti's Bakery,"Cute local bakery, employs local kids and supports the community 

Known for its Derby Cake",https://www.google.com/maps/place/Mazzetti's+Bakery/data=!4m2!3m1!1s0x808f7e2855555555:0x40642446720e6e14,
True Laurel,,https://www.google.com/maps/place/True+Laurel/data=!4m2!3m1!1s0x808f7e3747a767cf:0x654f83ac573dce90,
Casements Bar,Outdoor patio,https://www.google.com/maps/place/Casements+Bar/data=!4m2!3m1!1s0x808f7f9c27ba6be7:0xc95027968f5bb113,
Evil Eye,,https://www.google.com/maps/place/Evil+Eye/data=!4m2!3m1!1s0x808f7e46c9a1a2ed:0x2e754c98ed6ba89d,
Club Mari's,,https://www.google.com/maps/place/Club+Mari's/data=!4m2!3m1!1s0x808580b8e176c767:0x11a4f36a727b215d,
Happy Lamb Hot Pot | Mountain View,,https://www.google.com/maps/place/Happy+Lamb+Hot+Pot+%7C+Mountain+View/data=!4m2!3m1!1s0x808fb7342eafd227:0x404f8174e8899c55,
Tacos El Charro,Elaborate street side taco operation. Open late nights  ,https://www.google.com/maps/place/Tacos+El+Charro/data=!4m2!3m1!1s0x808f7fc2ef4d6897:0xa5616c6df67a821c,
The Garden Court,,https://www.google.com/maps/place/The+Garden+Court/data=!4m2!3m1!1s0x808580881f0c9dd7:0x4b77492b48623c6c,
Breakfast Little,Breakfast burritos ,https://www.google.com/maps/place/Breakfast+Little/data=!4m2!3m1!1s0x808f7f641814ada7:0x1ba5da6363f00a0d,
Mel's Drive-In,,https://www.google.com/maps/place/Mel's+Drive-In/data=!4m2!3m1!1s0x80858736340341c1:0x6ac014d036d54bb9,
Spark Social SF,,https://www.google.com/maps/place/Spark+Social+SF/data=!4m2!3m1!1s0x808f7fcfddddc751:0xb5383aac2dbd7b2a,
Mel's Drive-In,"Great diner food, open till 3am",https://www.google.com/maps/place/Mel's+Drive-In/data=!4m2!3m1!1s0x808580d0c8fd900b:0xf9a899247d2d59b3,
For The Record,,https://www.google.com/maps/place/For+The+Record/data=!4m2!3m1!1s0x808581a68424d9cb:0x521b0c074d6953b9,
Osamil Upstairs,Lounge-y cocktail bar serving classic cocktails and Asian cocktails,https://www.google.com/maps/place/Osamil+Upstairs/data=!4m2!3m1!1s0x89c259215a5a30a9:0x604fb7091a55136a,
SEOUL SALON NYC,"Good pocha, good portions, a lil pricey but good ",https://www.google.com/maps/place/SEOUL+SALON+NYC/data=!4m2!3m1!1s0x89c2593ebc21dca9:0x6e56006e74be3a32,
Frankel's Delicatessen & Appetizing,,https://www.google.com/maps/place/Frankel's+Delicatessen+%26+Appetizing/data=!4m2!3m1!1s0x89c259445265d12d:0x228d573b5bdd44e9,
Qahwah House,Yemen coffee,https://www.google.com/maps/place/Qahwah+House/data=!4m2!3m1!1s0x89c25953721fc19d:0x185b29b3e7559d6e,
L'Accolade,French bistro with a garden for outdoor dining ,https://www.google.com/maps/place/L'Accolade/data=!4m2!3m1!1s0x89c259a9355558d5:0x51569113e0d14068,
Hamburger America,Hyped hamburger restaurant. Onion smash burgers. Great fries ,https://www.google.com/maps/place/Hamburger+America/data=!4m2!3m1!1s0x89c259989e9ec917:0x74f027a5a0b6dcd3,
Teado Tea Shop,Khoi’s fave boba place. They have you sample the sweetness level before they make it,https://www.google.com/maps/place/Teado+Tea+Shop/data=!4m2!3m1!1s0x89c25a27ff3f1b89:0x18d3c6e7d115902a,
West Rice Roll King 西关肠粉王,,https://www.google.com/maps/place/West+Rice+Roll+King+%E8%A5%BF%E5%85%B3%E8%82%A0%E7%B2%89%E7%8E%8B/data=!4m2!3m1!1s0x89c25b474b69cabf:0x4eed938460af7dae,
Farook Halal Food,Popular halal cart,https://www.google.com/maps/place/Farook+Halal+Food/data=!4m2!3m1!1s0x89c2599f2805e899:0xfde45f2d7fa130e6,
Lovers of Today,,https://www.google.com/maps/place/Lovers+of+Today/data=!4m2!3m1!1s0x89c25995cfd607ed:0xfcc261d356fb0533,
Sake Bar Decibel,,https://www.google.com/maps/place/Sake+Bar+Decibel/data=!4m2!3m1!1s0x89c2599c6f5276fb:0xb5c170a3408fbd0d,
Milu,,https://www.google.com/maps/place/Milu/data=!4m2!3m1!1s0x89c259ff5041c9d7:0x81753ef79b858e84,
Little Star Pizza,Deep dish,https://www.google.com/maps/place/Little+Star+Pizza/data=!4m2!3m1!1s0x808580b04d25fdcd:0xa62532a2a9ad3fab,
Lime Tree,Indonesian Singaporean,https://www.google.com/maps/place/Lime+Tree/data=!4m2!3m1!1s0x8085875beeeec36b:0x5f4cd434656ec9e2,
Danny Coyle's,"Sports, Guinness, picklebacks, pool",https://www.google.com/maps/place/Danny+Coyle's/data=!4m2!3m1!1s0x808580a6658678a5:0x62ee710c5abaf3d5,
Poorboy Coffee & Wine Bar,"Good and interesting cold brew drinks, a little overpriced",https://www.google.com/maps/place/Poorboy+Coffee+%26+Wine+Bar/data=!4m2!3m1!1s0x8085870013558ff9:0x4868f7b6fad1f7f5,
Smuggler's Cove,They got like 70 different rum-based cocktails. Interesting interior too,https://www.google.com/maps/place/Smuggler's+Cove/data=!4m2!3m1!1s0x808580980d878265:0x2f020a98342c5d5d,
Hippie Thai Street Food,,https://www.google.com/maps/place/Hippie+Thai+Street+Food/data=!4m2!3m1!1s0x808580acc4453035:0x84bc23322169fb5c,
Beit Rima,"Palestinian restaurant, get their combo platter. Outdoor seating with good vibes on a sunny day",https://www.google.com/maps/place/Beit+Rima/data=!4m2!3m1!1s0x8085870e8d6595a5:0xf863e2ac97e432f5,
Poc-Chuc Restaurant,"Mayan food and mole; they make their own tortillas and salsa, and they are generous with free tortillas and cheese",https://www.google.com/maps/place/Poc-Chuc+Restaurant/data=!4m2!3m1!1s0x808f7e248c88a551:0x34ba5b6046107647,
Three Babes Bakeshop,Jenny’s favorite pie shop,https://www.google.com/maps/place/Three+Babes+Bakeshop/data=!4m2!3m1!1s0x808f7f1d46194b25:0x8d236db36fbf0005,
Roma Antica,"Good Roman pasta, good outdoor seats and vibes. They give blankets for outdoor seats ",https://www.google.com/maps/place/Roma+Antica/data=!4m2!3m1!1s0x808580d6a05e160d:0xa809b3c1f3ec44c3,
Dumpling Kitchen,,https://www.google.com/maps/place/Dumpling+Kitchen/data=!4m2!3m1!1s0x808f7d835ad0d52f:0x61768a5c80a9e9dc,
Ludwigs Biergarten Mountain View,Sampler plate is good. Also drinks. Kinda expensive,https://www.google.com/maps/place/Ludwigs+Biergarten+Mountain+View/data=!4m2!3m1!1s0x808fb799a02a60af:0x1494447ce3ccc914,
Dumpling Story,,https://www.google.com/maps/place/Dumpling+Story/data=!4m2!3m1!1s0x8085814fdd29f565:0xb7e38985692c4aee,
Local Edition,,https://www.google.com/maps/place/Local+Edition/data=!4m2!3m1!1s0x808580886bcc377b:0xd8c91154d34c9887,
The Page,Bar interior feels like an expensive den of some English lord. Cheap unique seasonal cocktails and drinks,https://www.google.com/maps/place/The+Page/data=!4m2!3m1!1s0x808580af39960d71:0x92a4c6dd3d8f50af,
Toronado,"Huge beer selection, metal vibes, cash only",https://www.google.com/maps/place/Toronado/data=!4m2!3m1!1s0x808580a6ea6473b5:0x1328e38b2ba07730,
Le Cafe du Soleil,"Local French-owned cafe, lots of French people visit. Interesting French pastries",https://www.google.com/maps/place/Le+Cafe+du+Soleil/data=!4m2!3m1!1s0x808580a6d62e8f4f:0x55c6c5245a6dd48d,
QING SHU 青蔬 麻辣烫,"Malatang, pickled fish, noodle soup, bento boxes",https://www.google.com/maps/place/QING+SHU+%E9%9D%92%E8%94%AC+%E9%BA%BB%E8%BE%A3%E7%83%AB/data=!4m2!3m1!1s0x808587e185a96d45:0x7fdaa8f9c6aeb05e,
Sikdang Woori,"They serve Jokbal and use fresh ingredients

Vivian's friends with Jin, one of the servers. He's the sweetest",https://www.google.com/maps/place/Sikdang+Woori/data=!4m2!3m1!1s0x808581421d7cf8e5:0x2de3c61c26c1c2e,
ELEPHANTA GINBAR COCTELERIA,,https://www.google.com/maps/place/ELEPHANTA+GINBAR+COCTELERIA/data=!4m2!3m1!1s0x12a4a2bc407c2209:0x4817d76325e9dfcd,
Bar Pirineus Gràcia 1931,,https://www.google.com/maps/place/Bar+Pirineus+Gr%C3%A0cia+1931/data=!4m2!3m1!1s0x12a4a33e797ee6b1:0x6e24f41afd77b759,
Tartine Manufactory,"High quality ingredients, light brunch",https://www.google.com/maps/place/Tartine+Manufactory/data=!4m2!3m1!1s0x808f7e308f2ed1bb:0x88d7d35712aa2ba3,
Senyor Vermut,"Great local tapas and vermut, sunny outdoor seating. 100% Catalan",https://www.google.com/maps/place/Senyor+Vermut/data=!4m2!3m1!1s0x12a4a28150da0129:0xb9510d328ba07af2,
Mercado de La Boqueria,"Famous open air market, a bit of a tourist trap with prices

Get their juices though ",https://www.google.com/maps/place/Mercado+de+La+Boqueria/data=!4m2!3m1!1s0x12a4a2f7b51e5a01:0x860ac654dc73add5,
Xiringuito Escribà,"MarcG: Paella and desert at the beach

One of the best meals I’ve ever had",https://www.google.com/maps/place/Xiringuito+Escrib%C3%A0/data=!4m2!3m1!1s0x12a4a30df56c1ebb:0xa1f51494bd75670c,
Bar Treze,Aesthetic bar with good cold tapas. Bartenders are cool asf,https://www.google.com/maps/place/Bar+Treze/data=!4m2!3m1!1s0x12a49840b5fc8b63:0xc4fc23b60a911e44,
Restaurant Ermita de Brugués,"Restaurant on a mountain with views of Gava, known for its breakfast. Does a calcot bbq during the calcot season",https://www.google.com/maps/place/Restaurant+Ermita+de+Brugu%C3%A9s/data=!4m2!3m1!1s0x12a48317637d5753:0xe3f92f063e4b2e6b,
Bodega Neus,"House vermut, tapas, and larger plates to share",https://www.google.com/maps/place/Bodega+Neus/data=!4m2!3m1!1s0x12a4a2988689ef87:0x1c08d170730d6b54,
Bo de B,"Bocatas - fresh crusty bread, really fresh fillings",https://www.google.com/maps/place/Bo+de+B/data=!4m2!3m1!1s0x12a4a2ff6f8ca2a5:0x8ece07e24af682a2,
Anita Gelato,Marscapone strawberry + limoncello,https://www.google.com/maps/place/Anita+Gelato/data=!4m2!3m1!1s0x12a4a39b139219fb:0x55038687b4b59608,
RESERVA IBÉRICA Jamón iberico,MarcG: Wine and jamon,https://www.google.com/maps/place/RESERVA+IB%C3%89RICA+Jam%C3%B3n+iberico/data=!4m2!3m1!1s0x12a4a28d603d1689:0x102728dcd973c280,
FLIPÁ . brunch & vermut .,"Cute coffeeshop, with light brunch items, serves great yogurt bowl with fruit. Seems like their other menu items are good too",https://www.google.com/maps/place/FLIP%C3%81+.+brunch+%26+vermut+./data=!4m2!3m1!1s0x12a4a35d18d0ec7d:0xf9973c65c566f5ba,
Sol Soler,"Neighborhood tapas bar, worn and traditional",https://www.google.com/maps/place/Sol+Soler/data=!4m2!3m1!1s0x12a4a297c2b16ccd:0x9caad00f5e2811ce,
Pincho.j,"Popular pinchos place, serves more “snack” type pinchos (think fried foods, sausages)",https://www.google.com/maps/place/Pincho.j/data=!4m2!3m1!1s0x12a4a2677e07494d:0xc68d76f8e085b76,
La Tasqueta de Blai,"Really good pinchos, serve yourself. A little more pricey than other places but worth it",https://www.google.com/maps/place/La+Tasqueta+de+Blai/data=!4m2!3m1!1s0x12a4a25d77b11be1:0x64542aac1b2a39f8,
Carrer de Blai,"MarcG: there are some bars together and you can get ""quinto-tapa"" (you get an small beer and a sometimes-random tapa) which is normally cheap.. Also find pinchos, which are also small tapas on sticks",https://www.google.com/maps/place/Carrer+de+Blai/data=!4m2!3m1!1s0x12a4a2677ea830cf:0x7d2c90d36a444886,
Elasya Backwaren & Türkische Feinkost,"Turkish breakfast, baked goods. Really good omelette and menemen",https://www.google.com/maps/place/Elasya+Backwaren+%26+T%C3%BCrkische+Feinkost/data=!4m2!3m1!1s0x479ddf8102aed18f:0x7bf24436cb846e2,
Ngoc Ha Restaurant,,https://www.google.com/maps/place/Ngoc+Ha+Restaurant/data=!4m2!3m1!1s0x479ddf61523eba39:0x387ebbc25ca51adb,
HANS IM GLÜCK - MÜNCHEN Giesing,"Decent burgers, interesting interior that looks like a forest lol",https://www.google.com/maps/place/HANS+IM+GL%C3%9CCK+-+M%C3%9CNCHEN+Giesing/data=!4m2!3m1!1s0x479ddf9b38fb1849:0xe450137c4d1974aa,
Khanittha Im Werksviertel,,https://www.google.com/maps/place/Khanittha+Im+Werksviertel/data=!4m2!3m1!1s0x479ddf844d7f9bcf:0x806609fcf6f80243,
Le Florida restaurant,Bar that Willem took us,https://www.google.com/maps/place/Le+Florida+restaurant/data=!4m2!3m1!1s0x479e75c1f8f1d2df:0xca8e82bb7b01da5d,
Far East - Vietnamese Restaurant,Pretty good tropical drinks like Mai tais and Caipirinhas. They also serve hard to get Viet dishes like bun Bo hue and bun Bo la lot,https://www.google.com/maps/place/Far+East+-+Vietnamese+Restaurant/data=!4m2!3m1!1s0x479ddf7f32cf7a2d:0xb0e0b837c036827d,
Lost Weekend,"Hip vegan cafe, good place to work out of. Turns into a live music venue at night",https://www.google.com/maps/place/Lost+Weekend/data=!4m2!3m1!1s0x479e75eca7d75897:0xe88cd9652ff5ec58,
Schneider Bräuhaus München,Beer house of a Bavarian brewery. Weisswurst and beer for breakfast. They only sell weisswurst before noon though ,https://www.google.com/maps/place/Schneider+Br%C3%A4uhaus+M%C3%BCnchen/data=!4m2!3m1!1s0x479e758a5a662a59:0xe539b02f0d422465,
Saigon Deli,,https://www.google.com/maps/place/Saigon+Deli/data=!4m2!3m1!1s0x479ddf52df683e03:0xc268bb47b05c620a,
Augustiner Alter Wirt in Ramersdorf,,https://www.google.com/maps/place/Augustiner+Alter+Wirt+in+Ramersdorf/data=!4m2!3m1!1s0x479ddf947b9841c5:0x33f485d9eca90527,
DJANGO'S,Good upscaleish doner place ,https://www.google.com/maps/place/DJANGO'S/data=!4m2!3m1!1s0x479ddfa1c7c020a7:0x8320b227b7858e6f,
Grenzwert Bar,Dive-y bar with unique European drinks and shots,https://www.google.com/maps/place/Grenzwert+Bar/data=!4m2!3m1!1s0x4791b90a1de1d913:0xd3d4f5464ac12304,
ROUINE,"Bar with an artistic/alt crowd, plus a dance floor with EDM",https://www.google.com/maps/place/ROUINE/data=!4m2!3m1!1s0x4791b9e1885b3b03:0x98ed54b7a8579dd5,
Bäckerei KULT,Anï’s bakery. Known for their chocolate cake and lemon merengue tart,https://www.google.com/maps/place/B%C3%A4ckerei+KULT/data=!4m2!3m1!1s0x4791b9b11d81665d:0x799c8acc4e83c61,
SAMARKAND Grill & Burgerhaus,,https://www.google.com/maps/place/SAMARKAND+Grill+%26+Burgerhaus/data=!4m2!3m1!1s0x479ddf1931fd29cd:0x34a16bc23ff974b0,
Boulangerie Dompierre - Werksviertel Mitte,,https://www.google.com/maps/place/Boulangerie+Dompierre+-+Werksviertel+Mitte/data=!4m2!3m1!1s0x479ddf07a072529d:0x9f51b717cb6b8350,
Zum Brünnstein,,https://www.google.com/maps/place/Zum+Br%C3%BCnnstein/data=!4m2!3m1!1s0x479ddf872923fe25:0x1d6fa533718aa845,
Tartine Inner Sunset,,https://www.google.com/maps/place/Tartine+Inner+Sunset/data=!4m2!3m1!1s0x8085873848750fd1:0x2275e15b40bf25ab,
Curry Hyuga,,https://www.google.com/maps/place/Curry+Hyuga/data=!4m2!3m1!1s0x80858135d076a9af:0x4a23655f95e7a68d,
MR.HEN NOODLES HOUSE,,https://www.google.com/maps/place/MR.HEN+NOODLES+HOUSE/data=!4m2!3m1!1s0x808f7fb9094a8cff:0x556e1f7a1cffd5d8,
Kevin & Chris’s Noodle House,Pho comes out in like 3 min here. Also they give a lot of chicken wings for the price,https://www.google.com/maps/place/Kevin+%26+Chris%E2%80%99s+Noodle+House/data=!4m2!3m1!1s0x80858765826b3439:0x9d9fc75464566a91,
The Mill,,https://www.google.com/maps/place/The+Mill/data=!4m2!3m1!1s0x808580b02db73457:0x185a61a92a363ce8,
The Ice Cream Bar,Retro style soda fountain. Really interesting floats and sodas ,https://www.google.com/maps/place/The+Ice+Cream+Bar/data=!4m2!3m1!1s0x80858754660494bb:0xc2ae8f451bf3d922,
The Buena Vista,"Irish coffee, sit at the bar and chat up the bartenders ",https://www.google.com/maps/place/The+Buena+Vista/data=!4m2!3m1!1s0x808f7e37f0d196f9:0xcf2a7b909a94bfc3,
Parada 22,Sampler plate and jeweled rice,https://www.google.com/maps/place/Parada+22/data=!4m2!3m1!1s0x808587522b9fcfd5:0x4029151ec2545fdf,
Arcana,,https://www.google.com/maps/place/Arcana/data=!4m2!3m1!1s0x808f7f09cb11fec9:0x67d1d57bae59e2c8,
Dandelion Chocolate,Toasted s’mores ,https://www.google.com/maps/place/Dandelion+Chocolate/data=!4m2!3m1!1s0x808f7e3d23f5dddd:0x3342559449ab0793,
Cha-Ya,,https://www.google.com/maps/place/Cha-Ya/data=!4m2!3m1!1s0x808f7e3d22153df7:0x1116a2e5e08405f,
The Social Study,,https://www.google.com/maps/place/The+Social+Study/data=!4m2!3m1!1s0x808580b9088aa4ef:0x66f40b4db6d5e7b,
Restaurant Heimgarten,Croatian restaurant,https://www.google.com/maps/place/Restaurant+Heimgarten/data=!4m2!3m1!1s0x479ddf0cb9f6de09:0x6582a2ec7575517c,
Taverne Lithos,,https://www.google.com/maps/place/Taverne+Lithos/data=!4m2!3m1!1s0x479ddf72f87294d1:0x9c8fded4a082eac2,
Kara Kazan Maxvorstadt,Tasty baked potatoes ,https://www.google.com/maps/place/Kara+Kazan+Maxvorstadt/data=!4m2!3m1!1s0x479e7594000b6e5d:0x6384d917a5cf92e9,
Schinken-Peter,,https://www.google.com/maps/place/Schinken-Peter/data=!4m2!3m1!1s0x479ddf0b83de8885:0x2c791af463127261,
Poseidon,Good grilled meat place. Get the Poseidon plate,https://www.google.com/maps/place/Poseidon/data=!4m2!3m1!1s0x479ddf905107d35f:0xa4739b835798250c,
Ciao,"2/5 Italian food, but there's a lot of variety",https://www.google.com/maps/place/Ciao/data=!4m2!3m1!1s0x479ddf9c7b5d090b:0xa98822f6ccb3b62a,
Hendlglück - München,Rotisserie chicken restaurant,https://www.google.com/maps/place/Hendlgl%C3%BCck+-+M%C3%BCnchen/data=!4m2!3m1!1s0x479ddf9aba4755db:0xe6832e5631756be3,
Andy's Krablergarten,They got like 20 kinds of schnitzel,https://www.google.com/maps/place/Andy's+Krablergarten/data=!4m2!3m1!1s0x479ddf5ed298e06b:0x3513b09018597a80,
Volkskammer,"East Berlin cuisine restaurant, with traditional dishes and a long drinks list",https://www.google.com/maps/place/Volkskammer/data=!4m2!3m1!1s0x47a84e46c44dbaa9:0x4708054ed1bf2356,
Rüyam Gemüse Kebab 2,,https://www.google.com/maps/place/R%C3%BCyam+Gem%C3%BCse+Kebab+2/data=!4m2!3m1!1s0x47a851ffa7566493:0x58705947299a8b1a,
Coretex Records,,https://www.google.com/maps/place/Coretex+Records/data=!4m2!3m1!1s0x47a84e3575754da5:0xc9f63b7b0b3d32b0,
THE BARN Coffee Roasters Berlin,,https://www.google.com/maps/place/THE+BARN+Coffee+Roasters+Berlin/data=!4m2!3m1!1s0x47a8517e256ca515:0xa232f4619ad3d627,
Konnopke's Imbiss,Curry wurst,https://www.google.com/maps/place/Konnopke's+Imbiss/data=!4m2!3m1!1s0x47a851ff095be59b:0xca7ec1dae7925b24,
Lezzet Grill,,https://www.google.com/maps/place/Lezzet+Grill/data=!4m2!3m1!1s0x47a84e337ca625ed:0x23e12a79013edc92,
Paloma,,https://www.google.com/maps/place/Paloma/data=!4m2!3m1!1s0x47a84e335e237cd3:0x1b58b7096ae2e00c,
Multilayerladen,,https://www.google.com/maps/place/Multilayerladen/data=!4m2!3m1!1s0x47a84e3364d70edd:0x9716f12821c65c08,
Burgermeister,,https://www.google.com/maps/place/Burgermeister/data=!4m2!3m1!1s0x47a84e3367b86c0d:0x40d50fe657d94e32,
The Ranch 1849 Restaurant,,https://www.google.com/maps/place/The+Ranch+1849+Restaurant/data=!4m2!3m1!1s0x80c73fca3fdbdf93:0x91097faedf5b8326,
The Inn at Death Valley,,https://www.google.com/maps/place/The+Inn+at+Death+Valley/data=!4m2!3m1!1s0x80c73f0f7dc5a04d:0xd9c35b20c67e4e07,
VFW Beatty Post,,https://www.google.com/maps/place/VFW+Beatty+Post/data=!4m2!3m1!1s0x80b898d210cb7015:0x124e97e7a2c43743,
ILCHA,"Upscale pocha, good food and large drink selection ",https://www.google.com/maps/place/ILCHA/data=!4m2!3m1!1s0x808580d0c8011925:0x3bb15237a3ae3e71,
New Eritrea Restaurant,"Really delicious Ethiopian and Eritrean food, cozy interior. Communal style eating",https://www.google.com/maps/place/New+Eritrea+Restaurant/data=!4m2!3m1!1s0x8085875da35c9f8d:0x3a58fad2decd578f,
Sotto Mare,,https://www.google.com/maps/place/Sotto+Mare/data=!4m2!3m1!1s0x808580f15632f641:0xa45875806e285c25,
Stoa,"Great neighborhood cocktail bar, bright interior and really long marble bar",https://www.google.com/maps/place/Stoa/data=!4m2!3m1!1s0x8085817cb6ff62bb:0xa670a511584da529,
Outta Sight Pizza,"Really solid NY pizza slice, it’s got a local SF skater vibe",https://www.google.com/maps/place/Outta+Sight+Pizza/data=!4m2!3m1!1s0x808581ae499d608b:0xe0f081137f64ac3f,
Duboce Park Cafe,,https://www.google.com/maps/place/Duboce+Park+Cafe/data=!4m2!3m1!1s0x808580a76eaf035f:0x9a0642648d7836bf,
The Library & Bar,Cougar nights 😉 great drinks and ambiance,https://www.google.com/maps/place/The+Library+%26+Bar/data=!4m2!3m1!1s0x808fa576de889393:0x6b6331499d951dcc,
Special Noodle Soup,"Authentic teochew food and good soups, Famous for their hainan chicken",https://www.google.com/maps/place/Special+Noodle+Soup/data=!4m2!3m1!1s0x808fb57dfb600fa9:0x8fba1bf1aa672263,
IPOT,No frills local AYCE hot pot,https://www.google.com/maps/place/IPOT/data=!4m2!3m1!1s0x8085876638cf5e29:0x8849030fde23c82c,
Red Hot Wok,,https://www.google.com/maps/place/Red+Hot+Wok/data=!4m2!3m1!1s0x808fb59f8d20f2fb:0xcd8b3449f12862c8,
Jenny's Kitchen,,https://www.google.com/maps/place/Jenny's+Kitchen/data=!4m2!3m1!1s0x808fb5605224e415:0x77969afb4a1bb609,
Busboys and Poets,,https://www.google.com/maps/place/Busboys+and+Poets/data=!4m2!3m1!1s0x89b7b7e7bc5500f5:0x2df2f2c8c5bad393,
Bow Bow Cocktail Lounge,"Strong drinks, locals, and karaoke",https://www.google.com/maps/place/Bow+Bow+Cocktail+Lounge/data=!4m2!3m1!1s0x808580f47fac04a3:0xc6a19f74ad9d1764,
Cold Drinks Bar,Great creative cocktails and space. Slight speakeasy vibe,https://www.google.com/maps/place/Cold+Drinks+Bar/data=!4m2!3m1!1s0x808580f3923eb707:0x6cbe2952f018756b,
Sam’s Pizza & Burgers,Anthony bourdains fave burger joint. Actually really good. Sam’s son is behind the grill,https://www.google.com/maps/place/Sam%E2%80%99s+Pizza+%26+Burgers/data=!4m2!3m1!1s0x808580f38ea46bcb:0xd989cb77600aa39e,
Meadowlark Dairy,Soft serve ice cream,https://www.google.com/maps/place/Meadowlark+Dairy/data=!4m2!3m1!1s0x808fe9bcb7186ac5:0xdafe1dc02363ee36,
Oyo,,https://www.google.com/maps/place/Oyo/data=!4m2!3m1!1s0x808fe9aa6b74d57d:0xfab04e0b2708fc89,
Banana Leaf Restaurant,Roti prata,https://www.google.com/maps/place/Banana+Leaf+Restaurant/data=!4m2!3m1!1s0x808fc8df21f79fd5:0x8ef97535620a4216,
Aicha Moroccan Cuisine,Authentic Moroccan cuisine. Get the mint tea!,https://www.google.com/maps/place/Aicha+Moroccan+Cuisine/data=!4m2!3m1!1s0x80858094f12b26c9:0x746b5ba3c67b8026,
Good Luck Dim Sum,,https://www.google.com/maps/place/Good+Luck+Dim+Sum/data=!4m2!3m1!1s0x8085873db011605d:0x6c99e23f7154f2a5,
Wei's Fish,"Really delicious 酸菜鱼 and free rice, great and fast service ",https://www.google.com/maps/place/Wei's+Fish/data=!4m2!3m1!1s0x808fb5209e7a7f75:0x378069de2f44f800,
Eataly,,https://www.google.com/maps/place/Eataly/data=!4m2!3m1!1s0x808fcb4e6074fbcb:0x10d64a158b5a96cf,
Bus Stop Pizza,Garlic and clams pizza — not for everyone but interesting and very garlicky ,https://www.google.com/maps/place/Bus+Stop+Pizza/data=!4m2!3m1!1s0x808580af35190209:0x6c78dc609d199504,
B Star,,https://www.google.com/maps/place/B+Star/data=!4m2!3m1!1s0x8085873980fb8e7b:0x94f1f57b63edd4ae,
Dohatsuten Ramen & Tapas,They have a cool hot plate rice dish. And interesting tapas. Good quality and prices ,https://www.google.com/maps/place/Dohatsuten+Ramen+%26+Tapas/data=!4m2!3m1!1s0x808fba126b705305:0x895dc7209856f850,
Discovery Fusion BBQ 碳所,"Crazy interior, cool drinks, Chinese skewers like a pocha ",https://www.google.com/maps/place/Discovery+Fusion+BBQ+%E7%A2%B3%E6%89%80/data=!4m2!3m1!1s0x808fb57d522dc139:0xc83b457adc121a2e,
Han Il Kwan,Home style Korean,https://www.google.com/maps/place/Han+Il+Kwan/data=!4m2!3m1!1s0x80858712366ca223:0x33fbb2cde7057379,
Golden Island Cafe,,https://www.google.com/maps/place/Golden+Island+Cafe/data=!4m2!3m1!1s0x808587627f586a95:0x9b37fee4eeebbdbe,
San Tung,"Dry fried chicken wings, jjajangmyeon, dry fried string beans",https://www.google.com/maps/place/San+Tung/data=!4m2!3m1!1s0x8085875d83e10257:0x131f778c0e458770,
707 Sutter,,https://www.google.com/maps/place/707+Sutter/data=!4m2!3m1!1s0x8085808e07f432c7:0x97c039f130b392cc,
Yuyu Za Zang,,https://www.google.com/maps/place/Yuyu+Za+Zang/data=!4m2!3m1!1s0x80857de198fba45b:0x76f8eba724b17039,
Mylapore South Indian Vegetarian,,https://www.google.com/maps/place/Mylapore+South+Indian+Vegetarian/data=!4m2!3m1!1s0x808febbd19bc7421:0x2ebf8fe2982f017a,
Menchie's Frozen Yogurt,,https://www.google.com/maps/place/Menchie's+Frozen+Yogurt/data=!4m2!3m1!1s0x80857c217bb0cc21:0x416a4cd874c1d330,
Caffè Strada,,https://www.google.com/maps/place/Caff%C3%A8+Strada/data=!4m2!3m1!1s0x80857c2fe65aee25:0x43f6bea2790d5d28,
Cafe Milano,,https://www.google.com/maps/place/Cafe+Milano/data=!4m2!3m1!1s0x80857c2f5cd46489:0xb2193d7f2d4d69ae,
Pasta Bene,,https://www.google.com/maps/place/Pasta+Bene/data=!4m2!3m1!1s0x80857c2c1eca432b:0x5c0696fa5f2f6f3d,
Mount Everest Restaurant,,https://www.google.com/maps/place/Mount+Everest+Restaurant/data=!4m2!3m1!1s0x80857c2c1196fa43:0x3dd3b3fc1bc14bf,
Artichoke Basille's Pizza,,https://www.google.com/maps/place/Artichoke+Basille's+Pizza/data=!4m2!3m1!1s0x80857c2fa79dbb0d:0x69c09fc282b51b05,
1951 Coffee Company,,https://www.google.com/maps/place/1951+Coffee+Company/data=!4m2!3m1!1s0x80857c28c4ae6c5b:0x97b173a221076418,
Yogurt Park,,https://www.google.com/maps/place/Yogurt+Park/data=!4m2!3m1!1s0x80857c28b33ffc57:0x82083136f5255638,
Royal Ground Coffee,,https://www.google.com/maps/place/Royal+Ground+Coffee/data=!4m2!3m1!1s0x80857e82c525968d:0x55c3eb76e73dce80,
Venus Restaurant,,https://www.google.com/maps/place/Venus+Restaurant/data=!4m2!3m1!1s0x80857e9d3af6478f:0x32aca78197d7ec95,
Victory Point Cafe,,https://www.google.com/maps/place/Victory+Point+Cafe/data=!4m2!3m1!1s0x80857e9f793e8573:0x12a4d9e6777828e6,
Berkeley Social Club,,https://www.google.com/maps/place/Berkeley+Social+Club/data=!4m2!3m1!1s0x80857e9eeafe6dc1:0xa4d7dde2d82e1483,
Asha Tea House,,https://www.google.com/maps/place/Asha+Tea+House/data=!4m2!3m1!1s0x80857e9ef30ee2c5:0x3988b1281282871f,
Tharaphu Burmese Street Food,,https://www.google.com/maps/place/Tharaphu+Burmese+Street+Food/data=!4m2!3m1!1s0x80857e8197748b0d:0x4a2579d76636e38e,
East Bay Spice Company,,https://www.google.com/maps/place/East+Bay+Spice+Company/data=!4m2!3m1!1s0x80857e9d8d7538c1:0x27e77012cdecf82c,
Toss Noodle Bar,,https://www.google.com/maps/place/Toss+Noodle+Bar/data=!4m2!3m1!1s0x80857e9d02ee2bc1:0x71e173c8417643b4,
Kabuki,"Super lowkey and dimly lit coffeeshop with a coffee bar -- barely even has a storefront. People go there with a book to have a quiet cup of coffee, it's great",https://www.google.com/maps/place/Kabuki/data=!4m2!3m1!1s0x60188ebaa6d5f6f7:0xe33600c9a7bf438a,
Royal Thaali,"Great thali restaurant, all you can eat",https://www.google.com/maps/place/Royal+Thaali/data=!4m2!3m1!1s0x808fc984d898a13d:0x91cfc63bb749a1e9,
Tommy's Joynt,,https://www.google.com/maps/place/Tommy's+Joynt/data=!4m2!3m1!1s0x808580967f112a53:0x245af671133d8ee3,
Purple Rice,,https://www.google.com/maps/place/Purple+Rice/data=!4m2!3m1!1s0x808581bfd8d80505:0xd288f7ee25ae656a,
Cocobang,"Pocha, open till 4am",https://www.google.com/maps/place/Cocobang/data=!4m2!3m1!1s0x8085812047d87027:0x88b556bcf2ed4c70,
Taqueria Cancun,Pollo asado super burrito. Good salsa too ,https://www.google.com/maps/place/Taqueria+Cancun/data=!4m2!3m1!1s0x808f7e3c8eb51907:0xcb42d8bec07e7963,
Bi-Rite Creamery,,https://www.google.com/maps/place/Bi-Rite+Creamery/data=!4m2!3m1!1s0x808f7e183c2a5c87:0xf75bf92aa3d52296,
Dolores Park Cafe,,https://www.google.com/maps/place/Dolores+Park+Cafe/data=!4m2!3m1!1s0x808f7e183c664247:0x104673cba0e1881e,
Taqueria La Espuela,Nopales-based dishes are their specialty,https://www.google.com/maps/place/Taqueria+La+Espuela/data=!4m2!3m1!1s0x808fb7347ac1fd51:0xe41d05192d026ea6,
Brenda's French Soul Food,,https://www.google.com/maps/place/Brenda's+French+Soul+Food/data=!4m2!3m1!1s0x808580974839db67:0xa78fa85ec6c57d21,
FRIENDSHIP BBQ,,https://www.google.com/maps/place/FRIENDSHIP+BBQ/data=!4m2!3m1!1s0x808fcbcee660ebc1:0x16bcea2908cb8362,
Mitchell's Ice Cream,,https://www.google.com/maps/place/Mitchell's+Ice+Cream/data=!4m2!3m1!1s0x808f7e428d225041:0x3cd43303554b967c,
Pineapple King Bakery - San Francisco,,https://www.google.com/maps/place/Pineapple+King+Bakery+-+San+Francisco/data=!4m2!3m1!1s0x808587657d6e6007:0xbf8260323811d52a,
Nabe,,https://www.google.com/maps/place/Nabe/data=!4m2!3m1!1s0x8085875c35431df1:0xca82b53fc7f16fdb,
G & Y Bakery & Cafe,"HK food, clay pot. Slow service fyi",https://www.google.com/maps/place/G+%26+Y+Bakery+%26+Cafe/data=!4m2!3m1!1s0x8085818d0eb7b38b:0xd3f8dadff3a71780,
Chalateco,,https://www.google.com/maps/place/Chalateco/data=!4m2!3m1!1s0x808fb6dd6666a163:0x5b30c87039e1e308,
Third Culture Bakery Berkeley,,https://www.google.com/maps/place/Third+Culture+Bakery+Berkeley/data=!4m2!3m1!1s0x80857edd53eaf2cb:0xec4f17b3f1995dac,
Cascal,,https://www.google.com/maps/place/Cascal/data=!4m2!3m1!1s0x808fb7339f1f74d3:0x900a28264d7b4a0b,
Annachikadai,Thali (banana leaf),https://www.google.com/maps/place/Annachikadai/data=!4m2!3m1!1s0x808fb72854030a23:0x248c32b8834b9223,
Bevri - Los Altos,,https://www.google.com/maps/place/Bevri+-+Los+Altos/data=!4m2!3m1!1s0x808fb158ebe9608b:0x683786f51819032,
Yummy Yummy,"Really good and authentic Viet food, more than just pho",https://www.google.com/maps/place/Yummy+Yummy/data=!4m2!3m1!1s0x8085875d8371dde5:0x98b2b7418c3b872e,
El Pollo Supremo,,https://www.google.com/maps/place/El+Pollo+Supremo/data=!4m2!3m1!1s0x808f7e9c85f44fe9:0xf30e8bb33049aa29,
Muukata6395,,https://www.google.com/maps/place/Muukata6395/data=!4m2!3m1!1s0x808587f8b29d0507:0x3e1667d95f47004f,
Avenida Restaurant,,https://www.google.com/maps/place/Avenida+Restaurant/data=!4m2!3m1!1s0x808f9e7063d166eb:0xf7e5f0795c4d5ede,
Kokko,,https://www.google.com/maps/place/Kokko/data=!4m2!3m1!1s0x808f9e7a0fd75c8b:0x97f11d221d99f4cf,
Sightglass Coffee,Great interior and vibes,https://www.google.com/maps/place/Sightglass+Coffee/data=!4m2!3m1!1s0x808580af3cd399d1:0xffceeb92a11a5a6d,
Giuliana’s Just for You Cafe,,https://www.google.com/maps/place/Giuliana%E2%80%99s+Just+for+You+Cafe/data=!4m2!3m1!1s0x808f7fbfd9cb677d:0x6ae9dc77571520da,
Hing Lung Company aka. Go Duck Yourself,"Roast duck, crispy pork belly",https://www.google.com/maps/place/Hing+Lung+Company+aka.+Go+Duck+Yourself/data=!4m2!3m1!1s0x808580f3946ed81f:0xda042850e7ff9e9e,
Guilin Rice Noodles House,,https://www.google.com/maps/place/Guilin+Rice+Noodles+House/data=!4m2!3m1!1s0x808f7dfe63f1f995:0xc79b5731e95c2541,
Killiney Kopitiam,,https://www.google.com/maps/place/Killiney+Kopitiam/data=!4m2!3m1!1s0x808fbbc825183607:0xe6cb3ab95cbe9a4d,
Krispy Krunchy Fried Chicken,,https://www.google.com/maps/place/Krispy+Krunchy+Fried+Chicken/data=!4m2!3m1!1s0x808f7e24b7c2b8dd:0xc112655e33320516,
Berkeley Thai House,,https://www.google.com/maps/place/Berkeley+Thai+House/data=!4m2!3m1!1s0x80857d2e1d1e6467:0x9ca7f168492a6a2b,
Dogpatch Saloon,,https://www.google.com/maps/place/Dogpatch+Saloon/data=!4m2!3m1!1s0x808f7fb98b78a2cd:0x913c0d8dbd884aba,
Beep's Burgers,"Double burger, curly fries, and ice cream float",https://www.google.com/maps/place/Beep's+Burgers/data=!4m2!3m1!1s0x808f7c2cca438521:0x258eea78dcf8d1aa,
Manna,,https://www.google.com/maps/place/Manna/data=!4m2!3m1!1s0x8085875db0172dc1:0xaed20b939085cf6a,
AappaKadai,Appam (slightly sweet pancake dipped in curry),https://www.google.com/maps/place/AappaKadai/data=!4m2!3m1!1s0x808fca0d9ec9385b:0x17caaab69b871f14,
Tatte Bakery & Cafe,,https://www.google.com/maps/place/Tatte+Bakery+%26+Cafe/data=!4m2!3m1!1s0x89e37a74dd161527:0xb69e3faf74af50b3,
ScottCakes,Great cupcakes,https://www.google.com/maps/place/ScottCakes/data=!4m2!3m1!1s0x89fca77b823d5ac9:0xbb7ac7fefcdce595,
North End Fish & Sushi,,https://www.google.com/maps/place/North+End+Fish+%26+Sushi/data=!4m2!3m1!1s0x89e370892ba7d98f:0xf33e4ac7134a7395,
Rowes Wharf Sea Grille,,https://www.google.com/maps/place/Rowes+Wharf+Sea+Grille/data=!4m2!3m1!1s0x89e370875bdec323:0xac3b6a606682ac7b,
Gourmet Dumpling House,,https://www.google.com/maps/place/Gourmet+Dumpling+House/data=!4m2!3m1!1s0x89e37a783db0392b:0x1158d83df4de9423,
Mike's Pastry,,https://www.google.com/maps/place/Mike's+Pastry/data=!4m2!3m1!1s0x89e2a8354a3149b3:0xae43e856bd3d5deb,
Champs Diner,,https://www.google.com/maps/place/Champs+Diner/data=!4m2!3m1!1s0x89c2595780ce7183:0x78708c4fd2e5970a,
Totto Ramen Midtown East,,https://www.google.com/maps/place/Totto+Ramen+Midtown+East/data=!4m2!3m1!1s0x89c258e3a6578b01:0x44b3585ca9b2778d,
Super Taste,,https://www.google.com/maps/place/Super+Taste/data=!4m2!3m1!1s0x89c25a2867d11da1:0xf6be49a877751fc1,
88 Lan Zhou Handmade Noodles,,https://www.google.com/maps/place/88+Lan+Zhou+Handmade+Noodles/data=!4m2!3m1!1s0x89c25a27b027aaab:0x9b718d52ab97569,
Tasty Hand-Pulled Noodles,,https://www.google.com/maps/place/Tasty+Hand-Pulled+Noodles/data=!4m2!3m1!1s0x89c25bd05aee9499:0x10f3231c69eb165b,
Ootoya Chelsea,,https://www.google.com/maps/place/Ootoya+Chelsea/data=!4m2!3m1!1s0x89c259a2e46989e1:0x5c9bfa7cc9e2677d,
Box Lunch Provincetown,,https://www.google.com/maps/place/Box+Lunch+Provincetown/data=!4m2!3m1!1s0x89fca77b0b524e95:0x3511ef08b10215bc,
Golden Mall,,https://www.google.com/maps/place/Golden+Mall/data=!4m2!3m1!1s0x89c261015339c01f:0x457706a501736d64,
Flushing Xiang Hotpot & BBQ - 法拉盛香天下 火锅 烤肉,,https://www.google.com/maps/place/Flushing+Xiang+Hotpot+%26+BBQ+-+%E6%B3%95%E6%8B%89%E7%9B%9B%E9%A6%99%E5%A4%A9%E4%B8%8B+%E7%81%AB%E9%94%85+%E7%83%A4%E8%82%89/data=!4m2!3m1!1s0x89c26011e79dc4a9:0x314ad4e8776c884c,
Tiger Sugar,,https://www.google.com/maps/place/Tiger+Sugar/data=!4m2!3m1!1s0x89c2595d620a3daf:0x1c4fc67906224a3e,
Varenichnaya,,https://www.google.com/maps/place/Varenichnaya/data=!4m2!3m1!1s0x89c24440d3fd66cf:0x8c7a9c26bfb65626,
Ichiran,,https://www.google.com/maps/place/Ichiran/data=!4m2!3m1!1s0x89c25c0034670c0f:0xe65b1b2bc6ad199d,
La Isla Cuchifritos,,https://www.google.com/maps/place/La+Isla+Cuchifritos/data=!4m2!3m1!1s0x89c25bfa1ff1666b:0xfec699b941b7448e,
Caridad China,,https://www.google.com/maps/place/Caridad+China/data=!4m2!3m1!1s0x89c25bfc080a5cdb:0x77a647081ccf2edf,
Peter Luger Steak House,,https://www.google.com/maps/place/Peter+Luger+Steak+House/data=!4m2!3m1!1s0x89c25bdedbcaf647:0x469a1d01423a03f2,
Blue Sky Deli (Hajji’s),Chopped cheese,https://www.google.com/maps/place/Blue+Sky+Deli+(Hajji%E2%80%99s)/data=!4m2!3m1!1s0x89c2f600dc276b87:0xe37e9c167431a246,
Pies 'n' Thighs,,https://www.google.com/maps/place/Pies+'n'+Thighs/data=!4m2!3m1!1s0x89c25bd88fe227db:0x151104dc82a74ba2,
Serendipity 3,,https://www.google.com/maps/place/Serendipity+3/data=!4m2!3m1!1s0x89c259a9a94054ed:0xccbfde5942dbc6e3,
Ess-a-Bagel,,https://www.google.com/maps/place/Ess-a-Bagel/data=!4m2!3m1!1s0x89c258e324502567:0x526c7b526bf4ab10,
Jin Ramen West Harlem,,https://www.google.com/maps/place/Jin+Ramen+West+Harlem/data=!4m2!3m1!1s0x89c2f66a04b40949:0x689792374b4f5c32,
Sylvia's,,https://www.google.com/maps/place/Sylvia's/data=!4m2!3m1!1s0x89c2f60cd3f0c56f:0x42be8b74f8751a5e,
Papaya Dog,,https://www.google.com/maps/place/Papaya+Dog/data=!4m2!3m1!1s0x89c259758cc727a9:0x1b0dda7c34923add,
Miss Lily's 7A Cafe,,https://www.google.com/maps/place/Miss+Lily's+7A+Cafe/data=!4m2!3m1!1s0x89c2599d4facc6cf:0xa42eda0c257cd184,
Sweet Chick,,https://www.google.com/maps/place/Sweet+Chick/data=!4m2!3m1!1s0x89c25983dd44602d:0x337f1754b3016187,
Katz's Delicatessen,,https://www.google.com/maps/place/Katz's+Delicatessen/data=!4m2!3m1!1s0x89c2598f7ff4aa09:0x313547e757cb8cea,
Vanessa's Dumpling House,,https://www.google.com/maps/place/Vanessa's+Dumpling+House/data=!4m2!3m1!1s0x89c2599efa200939:0x90b533700cb25178,
Van Leeuwen Ice Cream,,https://www.google.com/maps/place/Van+Leeuwen+Ice+Cream/data=!4m2!3m1!1s0x89c25a51e0e03817:0x1356e73a1bedadce,
Grom,,https://www.google.com/maps/place/Grom/data=!4m2!3m1!1s0x89c258884b6e9031:0x864c94071496e84f,
Atoboy,,https://www.google.com/maps/place/Atoboy/data=!4m2!3m1!1s0x89c259a7bd69ec67:0xcbdf16685f285b19,
Her Name is Han,,https://www.google.com/maps/place/Her+Name+is+Han/data=!4m2!3m1!1s0x89c259a86c481529:0xa094152f17b20f06,
Xi'an Famous Foods 西安名吃,,https://www.google.com/maps/place/Xi'an+Famous+Foods+%E8%A5%BF%E5%AE%89%E5%90%8D%E5%90%83/data=!4m2!3m1!1s0x89c259a1491d7b4b:0xf2db499b1115ec97,
BCD Tofu House,,https://www.google.com/maps/place/BCD+Tofu+House/data=!4m2!3m1!1s0x89c259a8fb73f6dd:0xf6e5befab6a237be,
Café China,,https://www.google.com/maps/place/Caf%C3%A9+China/data=!4m2!3m1!1s0x89c25900adca7485:0x1d4ea398ad50e0c,
Prince Street Pizza,,https://www.google.com/maps/place/Prince+Street+Pizza/data=!4m2!3m1!1s0x89c25985f7ec1beb:0x3c39f655da433d9d,
COTE Korean Steakhouse,,https://www.google.com/maps/place/COTE+Korean+Steakhouse/data=!4m2!3m1!1s0x89c259a384775443:0x4ad3dc8a6c30ce40,
Jack's Wife Freda,,https://www.google.com/maps/place/Jack's+Wife+Freda/data=!4m2!3m1!1s0x89c25988d7b58803:0x1dd33c62aeb2a76a,
Olive Tree Cafe,,https://www.google.com/maps/place/Olive+Tree+Cafe/data=!4m2!3m1!1s0x89c2599180d8339b:0x1978df2d4a0d7f51,
May Wah Fast Food,,https://www.google.com/maps/place/May+Wah+Fast+Food/data=!4m2!3m1!1s0x89c25989dad02c85:0xc0fcfb55cdbaab20,
Las Cazuelas,Known for their menudo and other Mexican home style food ,https://www.google.com/maps/place/Las+Cazuelas/data=!4m2!3m1!1s0x808fcb5cdf51fef3:0x89882535e76e459,
Curry Hyuga,,https://www.google.com/maps/place/Curry+Hyuga/data=!4m2!3m1!1s0x808fb5032ae33407:0x878936951ba07e25,
Kunjip,,https://www.google.com/maps/place/Kunjip/data=!4m2!3m1!1s0x808fca6e7c69bf3b:0x4928c94688a8794e,
Tapsilog Bistro,,https://www.google.com/maps/place/Tapsilog+Bistro/data=!4m2!3m1!1s0x808e35338ddb0265:0xf3a4e4825961a145,
Delhi Chaat,,https://www.google.com/maps/place/Delhi+Chaat/data=!4m2!3m1!1s0x808fb78a7c06e869:0xfc8326e38c454982,
Ox 9 Lanzhou Handpulled Noodles,,https://www.google.com/maps/place/Ox+9+Lanzhou+Handpulled+Noodles/data=!4m2!3m1!1s0x808fb56a2c7dd387:0x7c111af3ade998be,
Brenda's Meat & Three,,https://www.google.com/maps/place/Brenda's+Meat+%26+Three/data=!4m2!3m1!1s0x808580b107a79d05:0xaccddc21942615d4,
JangTu Restaurant,"Korean comfort food, naengmyeon",https://www.google.com/maps/place/JangTu+Restaurant/data=!4m2!3m1!1s0x808fb5ef80134c3d:0x49c52b6ec2ca94bf,
Xôi Yến,,https://www.google.com/maps/place/X%C3%B4i+Y%E1%BA%BFn/data=!4m2!3m1!1s0x3135abf54e9751af:0x9720e5f2f8f19320,
Anh Village Silk,,https://www.google.com/maps/place/Anh+Village+Silk/data=!4m2!3m1!1s0x3135abc08c596c5d:0x8922af5bed1e60db,
Banh Mi 25,,https://www.google.com/maps/place/Banh+Mi+25/data=!4m2!3m1!1s0x3135ab74bb3716b5:0xebfbc0d84354deb3,
Traditional Banh Cuon Nong - Pho Bo 14B Bao Khanh,Banh Cuon (thin rice rolls dish with minced pork dipped in fish sauce),https://www.google.com/maps/place/Traditional+Banh+Cuon+Nong+-+Pho+Bo+14B+Bao+Khanh/data=!4m2!3m1!1s0x3135ab95668e14bb:0x679a6a7564e6fc36,
Pho Thin 13 Lo Duc Str.,Northern style pho served with 油条,https://www.google.com/maps/place/Pho+Thin+13+Lo+Duc+Str./data=!4m2!3m1!1s0x3135ab1a9fd1cd39:0x3718f90a1f5f5bd1,
Bún chả Hương Liên,Obama Anthony Bourdain bun cha restaurant ,https://www.google.com/maps/place/B%C3%BAn+ch%E1%BA%A3+H%C6%B0%C6%A1ng+Li%C3%AAn/data=!4m2!3m1!1s0x3135abf2a4ba685d:0x7e67963f30fa90e7,
Yi Jia Zi,Gua Bao ,https://www.google.com/maps/place/Yi+Jia+Zi/data=!4m2!3m1!1s0x3442a9a8056bcd4f:0x8f4c4821513d97e8,
王水成老店水成館,Stinky tofu,https://www.google.com/maps/place/%E7%8E%8B%E6%B0%B4%E6%88%90%E8%80%81%E5%BA%97%E6%B0%B4%E6%88%90%E9%A4%A8/data=!4m2!3m1!1s0x3442aac555ae1625:0x81fe6d7bb81029a0,
唐山伯古味酸梅湯,"Plum juice, really good on a hot day",https://www.google.com/maps/place/%E5%94%90%E5%B1%B1%E4%BC%AF%E5%8F%A4%E5%91%B3%E9%85%B8%E6%A2%85%E6%B9%AF/data=!4m2!3m1!1s0x3442aac5011a7d4f:0xa74a8cf7ee941beb,
信義豆漿小籠包,"Xiaolongbao, fan tuan (Taiwanese rice burrito stuffed with you tiao, egg, pork floss, pickled veg)",https://www.google.com/maps/place/%E4%BF%A1%E7%BE%A9%E8%B1%86%E6%BC%BF%E5%B0%8F%E7%B1%A0%E5%8C%85/data=!4m2!3m1!1s0x3442a8cd10a52f6d:0xe679aa80d732471f,
Chun Shui Tang Taipei Station Branch,Claims to have invented boba,https://www.google.com/maps/place/Chun+Shui+Tang+Taipei+Station+Branch/data=!4m2!3m1!1s0x34681efcb446b827:0xfadac6d29e92ba1a,
Draft Land,Unique concept of draft cocktails. Was on Asia’s 50 Best Bars,https://www.google.com/maps/place/Draft+Land/data=!4m2!3m1!1s0x3442abc5df1d0ba5:0xf89017c20c5d3c86,
Jumi Tavern 冰花煎餃 Gyoza Bar,Creative cocktails,https://www.google.com/maps/place/Jumi+Tavern+%E5%86%B0%E8%8A%B1%E7%85%8E%E9%A4%83+Gyoza+Bar/data=!4m2!3m1!1s0x3442abcf76c77ba7:0x6a23374f7fbcd4a5,
Din Tai Fung Xinyi Branch,"It’s the original Din Tai Fung, but fyi it’s takeout only :(",https://www.google.com/maps/place/Din+Tai+Fung+Xinyi+Branch/data=!4m2!3m1!1s0x3442a9821392326d:0x93faef9e2359365c,
（葉）蘆洲手工小籠包,,https://www.google.com/maps/place/%EF%BC%88%E8%91%89%EF%BC%89%E8%98%86%E6%B4%B2%E6%89%8B%E5%B7%A5%E5%B0%8F%E7%B1%A0%E5%8C%85/data=!4m2!3m1!1s0x3442a8cd1ee5ffbf:0x142fed59668a76d,
A-MEI Tea House,,https://www.google.com/maps/place/A-MEI+Tea+House/data=!4m2!3m1!1s0x345d4517e02d26b1:0x11ec86c737ace0aa,
Houtong Cat Village,,https://www.google.com/maps/place/Houtong+Cat+Village/data=!4m2!3m1!1s0x345d5ab379f5d523:0xde33885081c1e04a,
Jiufen Jie Jiao Traditional Diner,Interesting local beers and their oden is solid ,https://www.google.com/maps/place/Jiufen+Jie+Jiao+Traditional+Diner/data=!4m2!3m1!1s0x345d4520573e7ca1:0xf0574e7cbea9b2e1,
King Pork Wan Nian Store,,https://www.google.com/maps/place/King+Pork+Wan+Nian+Store/data=!4m2!3m1!1s0x3442a9092609d397:0xa8da6f98aafe0d4b,
Geography Bar,Taiwanese flavored cocktails,https://www.google.com/maps/place/Geography+Bar/data=!4m2!3m1!1s0x3442a908d7489fa5:0x46f44ff566485c88,
Jin Feng Braised Pork Rice,,https://www.google.com/maps/place/Jin+Feng+Braised+Pork+Rice/data=!4m2!3m1!1s0x3442a99eb59cabfb:0xd9cf9cd1992ceb6c,
Ay-Chung Flour-Rice Noodle,,https://www.google.com/maps/place/Ay-Chung+Flour-Rice+Noodle/data=!4m2!3m1!1s0x3442a90968b57c41:0xb19c4276746146ed,
Fuhong Beef Noodles,,https://www.google.com/maps/place/Fuhong+Beef+Noodles/data=!4m2!3m1!1s0x3442a90e87e6d60b:0x2a5448854fda3233,
Yong He Soy Milk,breakfast,https://www.google.com/maps/place/Yong+He+Soy+Milk/data=!4m2!3m1!1s0x3442a90eb1669751:0xb26b16ee4149020,
Hankow Cuisine,,https://www.google.com/maps/place/Hankow+Cuisine/data=!4m2!3m1!1s0x808fb5036390f8f1:0xf5b0fe55eea39722,
Doppio Zero Mountain View,,https://www.google.com/maps/place/Doppio+Zero+Mountain+View/data=!4m2!3m1!1s0x808fb7343b0c99fd:0x7a48a445df767cac,
Pho Ha Noi,,https://www.google.com/maps/place/Pho+Ha+Noi/data=!4m2!3m1!1s0x808fb50142762255:0x67966c5b0603c1d,
The Loco Frijole,,https://www.google.com/maps/place/The+Loco+Frijole/data=!4m2!3m1!1s0x80960db6405737a1:0x79b265980df4c4f7,
El Bombero,Tijuana style taco food truck,https://www.google.com/maps/place/El+Bombero/data=!4m2!3m1!1s0x808fcba2337905cf:0xc293ea64ce179940,
Coffeebar,,https://www.google.com/maps/place/Coffeebar/data=!4m2!3m1!1s0x809bdfc0e8151f21:0x1e1db546abab5844,
Jax At The Tracks,,https://www.google.com/maps/place/Jax+At+The+Tracks/data=!4m2!3m1!1s0x809bdfc08fff5625:0xf3629d006b991156,
Dough Zone Dumpling House Cupertino,,https://www.google.com/maps/place/Dough+Zone+Dumpling+House+Cupertino/data=!4m2!3m1!1s0x808fb5311f190ec7:0x2e3afadb8de690c6,
Khao Kang Thai Kitchen,,https://www.google.com/maps/place/Khao+Kang+Thai+Kitchen/data=!4m2!3m1!1s0x808fb7e893b92cbb:0x9846992aa9f18f5d,
Angry Chickz - San Jose (Saratoga Ave),,https://www.google.com/maps/place/Angry+Chickz+-+San+Jose+(Saratoga+Ave)/data=!4m2!3m1!1s0x808fcb3a04eee263:0x7dd23cc76afb186d,
OK Noodle,"Northwestern Chinese food, really good hand-pulled noodles",https://www.google.com/maps/place/OK+Noodle/data=!4m2!3m1!1s0x808fc95e6346b10d:0x1951fa3071aff5e1,
Los Gatos Meats & Smoke House,,https://www.google.com/maps/place/Los+Gatos+Meats+%26+Smoke+House/data=!4m2!3m1!1s0x808e35ec4465c757:0x510d34203c3c93a6,
Leo's Tacos Truck,,https://www.google.com/maps/place/Leo's+Tacos+Truck/data=!4m2!3m1!1s0x80c2b8fe187624bf:0x371a087d6b899d8b,
Yuchun Restaurant,"Naengmyeon, they also have a combo with galbi. Really good",https://www.google.com/maps/place/Yuchun+Restaurant/data=!4m2!3m1!1s0x80c2b887576c7d81:0x806ebb4bbfdc8f97,
Cold Spring Tavern,,https://www.google.com/maps/place/Cold+Spring+Tavern/data=!4m2!3m1!1s0x80e943cde2e4e7eb:0x6337ee3d5400abbd,
Chunju Han-Il Kwan,,https://www.google.com/maps/place/Chunju+Han-Il+Kwan/data=!4m2!3m1!1s0x80c2c77d1944c9c3:0xa97201126b43c6af,
Lẩu Hải Sản,,https://www.google.com/maps/place/L%E1%BA%A9u+H%E1%BA%A3i+S%E1%BA%A3n/data=!4m2!3m1!1s0x808e32f0685cb9b1:0x9f578050a6ef9c15,
Pepper Lunch,,https://www.google.com/maps/place/Pepper+Lunch/data=!4m2!3m1!1s0x808fc926a861f741:0xe4874c481cd7dc13,
Barbara's Fishtrap,Seafood and cheap beer,https://www.google.com/maps/place/Barbara's+Fishtrap/data=!4m2!3m1!1s0x808f73b61ee30715:0x74550a24b8cd8c7c,
William B.B.Q.,,https://www.google.com/maps/place/William+B.B.Q./data=!4m2!3m1!1s0x808fa383a4b462b1:0x1a5e30c2a9ecc9b3,
"Elmer's Restaurant (Palm Springs, CA)",,"https://www.google.com/maps/place/Elmer's+Restaurant+(Palm+Springs,+CA)/data=!4m2!3m1!1s0x80db1b6b5ccebbe7:0x1edd22212601293d",
Beit Rima,Palestinian,https://www.google.com/maps/place/Beit+Rima/data=!4m2!3m1!1s0x808f7f2d106ad397:0x53b43392f9df6513,
Top Dumpling,,https://www.google.com/maps/place/Top+Dumpling/data=!4m2!3m1!1s0x808fb7ba3a117031:0x6ba604e35ece82d4,
Pelicana Chicken,,https://www.google.com/maps/place/Pelicana+Chicken/data=!4m2!3m1!1s0x808fb50f691152e3:0x52a0e8b114e9c2e3,
Pompeii Ristorante,,https://www.google.com/maps/place/Pompeii+Ristorante/data=!4m2!3m1!1s0x808fb0ee5ca836d7:0xbfaf6bd9414bedf3,
Farmhouse Kitchen Thai Cuisine,,https://www.google.com/maps/place/Farmhouse+Kitchen+Thai+Cuisine/data=!4m2!3m1!1s0x808f80c88d7c622f:0xb8f0da1904b1c276,
Kajiken,Interesting dry Japanese noodles,https://www.google.com/maps/place/Kajiken/data=!4m2!3m1!1s0x808f9f7ba2d61ca1:0xfe685722b5a50c83,
La Trattoria Bohemia,,https://www.google.com/maps/place/La+Trattoria+Bohemia/data=!4m2!3m1!1s0x809ad090a1f3841f:0x484fef222047f47f,
Kumruenthai Restaurant,Lots of unique interesting Thai food,https://www.google.com/maps/place/Kumruenthai+Restaurant/data=!4m2!3m1!1s0x8085178c9468a289:0x63f60dc0108d5834,
Hyderabad Dum Biryani,,https://www.google.com/maps/place/Hyderabad+Dum+Biryani/data=!4m2!3m1!1s0x808fbb5fd0f03111:0x226ca8a3237f95f3,
bb.q Chicken Sunnyvale,,https://www.google.com/maps/place/bb.q+Chicken+Sunnyvale/data=!4m2!3m1!1s0x808fb79f1886b237:0x7ee1cfdfb684c4a5,
Taiwan Porridge,,https://www.google.com/maps/place/Taiwan+Porridge/data=!4m2!3m1!1s0x808fb4349a65464f:0xbfd52f418fe1b4a1,
Nijiya Market Mountain View Store,,https://www.google.com/maps/place/Nijiya+Market+Mountain+View+Store/data=!4m2!3m1!1s0x808fb6d833fb8489:0xc662618588ae86b,
Taiwan Porridge - Milpitas,,https://www.google.com/maps/place/Taiwan+Porridge+-+Milpitas/data=!4m2!3m1!1s0x808fc8b0e45e1e75:0xbd8701fa90508700,
Pho Kim Long,Grilled fish platter,https://www.google.com/maps/place/Pho+Kim+Long/data=!4m2!3m1!1s0x808fcea4cfca7903:0xd9914a00ddc4387,
Mama's Fish House,,https://www.google.com/maps/place/Mama's+Fish+House/data=!4m2!3m1!1s0x7eab330f83403f83:0x9033ebc2c3901d45,
U :Dessert Story,,https://www.google.com/maps/place/U+:Dessert+Story/data=!4m2!3m1!1s0x80857f0bc2fa54b3:0x92b95255dbd47ab5,
MoMo Masalas,,https://www.google.com/maps/place/MoMo+Masalas/data=!4m2!3m1!1s0x80857c2162c65187:0xd16847c37f0388af,
Xpression,,https://www.google.com/maps/place/Xpression/data=!4m2!3m1!1s0x80857df9ab8fba89:0xb46f6a5453096a97,
Jang Su Jang,,https://www.google.com/maps/place/Jang+Su+Jang/data=!4m2!3m1!1s0x808fb5f6163eef47:0xabcc05eae829e134,
Koong's Restaurant,,https://www.google.com/maps/place/Koong's+Restaurant/data=!4m2!3m1!1s0x808fcf2b24349e49:0xf234741e6a4ed4ae,
Fugetsu - Sunnyvale,It's now inside Rokko,https://www.google.com/maps/place/Fugetsu+-+Sunnyvale/data=!4m2!3m1!1s0x808fca136c7d83cf:0x301a23c9babf3826,
Lados,,https://www.google.com/maps/place/Lados/data=!4m2!3m1!1s0x808fb7414acca6a9:0xc0fb93e3ad58d091,
Easy Creole,,https://www.google.com/maps/place/Easy+Creole/data=!4m2!3m1!1s0x80857e7bc8eba79f:0x60a7345496ac62b2,
The Butcher’s Son Vegan Delicatessen & Bakery,,https://www.google.com/maps/place/The+Butcher%E2%80%99s+Son+Vegan+Delicatessen+%26+Bakery/data=!4m2!3m1!1s0x80857e992731c87b:0xe91171496c4ce681,
Kingpin Donuts,,https://www.google.com/maps/place/Kingpin+Donuts/data=!4m2!3m1!1s0x80857c2f137d25a5:0x2049594953dc5899,
Kimchi Garden,,https://www.google.com/maps/place/Kimchi+Garden/data=!4m2!3m1!1s0x80857c2f1532bf9b:0x28d192dfce89c7ef,
Thai Basil,,https://www.google.com/maps/place/Thai+Basil/data=!4m2!3m1!1s0x80857c2f6ae0e2f1:0x6978b6e8a72d58d4,
IB's Berkeley,,https://www.google.com/maps/place/IB's+Berkeley/data=!4m2!3m1!1s0x80857c2f40fa1689:0xfcab32c78bdca371,
Chang Luong Restaurant,,https://www.google.com/maps/place/Chang+Luong+Restaurant/data=!4m2!3m1!1s0x80857c2f4019844b:0xafa535e44ab5d2f7,
Gypsy's Trattoria Italiana,,https://www.google.com/maps/place/Gypsy's+Trattoria+Italiana/data=!4m2!3m1!1s0x80857c2f6ba1fc31:0x66be74dc48f642b3,
La Burrita,,https://www.google.com/maps/place/La+Burrita/data=!4m2!3m1!1s0x80857c2f0d8ce7c7:0x3415e71e37f4710b,
Top Dog,,https://www.google.com/maps/place/Top+Dog/data=!4m2!3m1!1s0x80857c2f0f0b62f3:0x14685641969b3c98,
Tartine Bakery,,https://www.google.com/maps/place/Tartine+Bakery/data=!4m2!3m1!1s0x80857d57a1a0dda7:0x2059c9e3d4d6eb17,
The Snack Shack,,https://www.google.com/maps/place/The+Snack+Shack/data=!4m2!3m1!1s0x80857c217dc28a11:0x4ab2fd8b2d2100aa,
La Burrita,,https://www.google.com/maps/place/La+Burrita/data=!4m2!3m1!1s0x80857c21785431bd:0x1d5b2f23eb993a35,
Stuffed Inn,,https://www.google.com/maps/place/Stuffed+Inn/data=!4m2!3m1!1s0x80857c217f364ef5:0x2c89f0f865aba39,
Seoul Hotdog,,https://www.google.com/maps/place/Seoul+Hotdog/data=!4m2!3m1!1s0x80857d8ab8721ac9:0xb5dfd3ea8d5adf77,
Hearst Food Court,,https://www.google.com/maps/place/Hearst+Food+Court/data=!4m2!3m1!1s0x80857c217d7b3dbd:0x3c2772a2d804f30e,
Joinery,Good food with a waterside patio,https://www.google.com/maps/place/Joinery/data=!4m2!3m1!1s0x808584515d59e92f:0xfd8194f70d0844f9,
四姐 Special Noodle,Unique hot stone pot noodle,https://www.google.com/maps/place/%E5%9B%9B%E5%A7%90+Special+Noodle/data=!4m2!3m1!1s0x808fb50aadd57c95:0xa026fe2dc75d1c38,
QBB - Quality Bourbons & Barbecue,,https://www.google.com/maps/place/QBB+-+Quality+Bourbons+%26+Barbecue/data=!4m2!3m1!1s0x808fb73414c5a019:0xf5380f978ceac327,
Lechon Manila,Great cheap Filipino food -- cafeteria style,https://www.google.com/maps/place/Lechon+Manila/data=!4m2!3m1!1s0x808f95359c84c505:0x9f79c4f52905bd74,
New Delhi Chaat,,https://www.google.com/maps/place/New+Delhi+Chaat/data=!4m2!3m1!1s0x808fb588df6ed6ff:0x343a667b56d26547,
Mazra,"Generous portions, they actually grill the meats out back",https://www.google.com/maps/place/Mazra/data=!4m2!3m1!1s0x808f795b72482e77:0x56eab20baa43378a,
Fieldwork Brewing Company - San Mateo,,https://www.google.com/maps/place/Fieldwork+Brewing+Company+-+San+Mateo/data=!4m2!3m1!1s0x808f9f1d51b5895d:0x9795bb86ce339e7a,
Ramen Nagi,,https://www.google.com/maps/place/Ramen+Nagi/data=!4m2!3m1!1s0x808fbb09f17c5f47:0xe74e440582a6f28b,
Phở City | Vietnamese Cuisine,,https://www.google.com/maps/place/Ph%E1%BB%9F+City+%7C+Vietnamese+Cuisine/data=!4m2!3m1!1s0x809ac55b6899f28b:0xf7b73d3234dc3a4,
Johns Pizza Works,,https://www.google.com/maps/place/Johns+Pizza+Works/data=!4m2!3m1!1s0x80960dc98fa40427:0xd441e7e31e377e06,
Sushi Tomi,,https://www.google.com/maps/place/Sushi+Tomi/data=!4m2!3m1!1s0x808fb73161d008c9:0xf1ccd9ca251ef04,
Udon Mugizo,,https://www.google.com/maps/place/Udon+Mugizo/data=!4m2!3m1!1s0x808fb792f9d42575:0x529046fa2a96b243,
Old Port Lobster Shack,Lobster bisque bread bowl is great. Also it’s in a cute plaza with a cute flower shop ,https://www.google.com/maps/place/Old+Port+Lobster+Shack/data=!4m2!3m1!1s0x808fa5409e11d4c7:0x6a936b87f9d2e441,
Mirchi Cafe | Halal American & Desi Restaurant Fremont,,https://www.google.com/maps/place/Mirchi+Cafe+%7C+Halal+American+%26+Desi+Restaurant+Fremont/data=!4m2!3m1!1s0x808fc0ce786996b7:0x6dbd98f289044c78,
Heavenly Hawaiian Kona Coffee Farm,Award winning Kona coffee,https://www.google.com/maps/place/Heavenly+Hawaiian+Kona+Coffee+Farm/data=!4m2!3m1!1s0x7954066afaf2a841:0x6a821130b9034d9e,
Earl's,"Great takeout plate lunches, kimbab and musubi",https://www.google.com/maps/place/Earl's/data=!4m2!3m1!1s0x79539cd76c50f9e3:0xb64147d637286239,
Kona Grill House,,https://www.google.com/maps/place/Kona+Grill+House/data=!4m2!3m1!1s0x795407634098d917:0x8d4df2f3baa560e2,
Teshima's Restaurant,,https://www.google.com/maps/place/Teshima's+Restaurant/data=!4m2!3m1!1s0x795406674a3b19cf:0xd541f34a9b1c4a34,
Gypsea Gelato,,https://www.google.com/maps/place/Gypsea+Gelato/data=!4m2!3m1!1s0x795406f376affb6b:0xbbf8c56067fb2960,
Cultivate Good Food,,https://www.google.com/maps/place/Cultivate+Good+Food/data=!4m2!3m1!1s0x79540765273ba5cb:0xea4bbfc6370b956,
Da Poke Shack,,https://www.google.com/maps/place/Da+Poke+Shack/data=!4m2!3m1!1s0x79540f6ae84bdfc3:0x445447a6d23ace89,
Umekes Fish Market Bar & Grill,,https://www.google.com/maps/place/Umekes+Fish+Market+Bar+%26+Grill/data=!4m2!3m1!1s0x79540e563815a5c7:0x1e742a1125bf712b,
Famous Bao,,https://www.google.com/maps/place/Famous+Bao/data=!4m2!3m1!1s0x80857c28b2404043:0x90056544a5c533c7,
Mezzo,,https://www.google.com/maps/place/Mezzo/data=!4m2!3m1!1s0x80857de1a733e211:0x79ef9933388fbd01,
Musashi,,https://www.google.com/maps/place/Musashi/data=!4m2!3m1!1s0x80857e82614f83d9:0x86bd228091383970,
Pappy's Grill & Sports Bar,,https://www.google.com/maps/place/Pappy's+Grill+%26+Sports+Bar/data=!4m2!3m1!1s0x80857c2f3bca81e1:0x27a976bc098ff9f2,
Muracci's,,https://www.google.com/maps/place/Muracci's/data=!4m2!3m1!1s0x80857c2ed9a10957:0xe6de0c2687bb42a9,
Tacos Sinaloa,,https://www.google.com/maps/place/Tacos+Sinaloa/data=!4m2!3m1!1s0x80857c2f3ad40285:0xd31bdffdb36e5823,
Gather Kitchen,,https://www.google.com/maps/place/Gather+Kitchen/data=!4m2!3m1!1s0x80857e9d83224aa9:0xc8fa3cab72e37552,
Heat Café,,https://www.google.com/maps/place/Heat+Caf%C3%A9/data=!4m2!3m1!1s0x80857e82d4a5e831:0x6ee77c0d5a1be81,
La Note,,https://www.google.com/maps/place/La+Note/data=!4m2!3m1!1s0x80857e82d280ff07:0x4ab1779424f266c2,
Cornerstone Craft Beer & Live Music,,https://www.google.com/maps/place/Cornerstone+Craft+Beer+%26+Live+Music/data=!4m2!3m1!1s0x80857e82cc99a8ef:0x5733765594852cd,
Great China,,https://www.google.com/maps/place/Great+China/data=!4m2!3m1!1s0x80857e9d0ba3811b:0x8eb009586964780e,
Angeline's Louisiana Kitchen,,https://www.google.com/maps/place/Angeline's+Louisiana+Kitchen/data=!4m2!3m1!1s0x80857e9d0423fc87:0xd6e249591c2652b,
Jupiter,,https://www.google.com/maps/place/Jupiter/data=!4m2!3m1!1s0x80857e9db8220537:0x22d5e5896c286396,
眷湘Easterly Berkeley,,https://www.google.com/maps/place/%E7%9C%B7%E6%B9%98Easterly+Berkeley/data=!4m2!3m1!1s0x80857f8714b0b933:0xd8bd8809a2e208b2,
Ippuku,,https://www.google.com/maps/place/Ippuku/data=!4m2!3m1!1s0x80857e9dc0edc2b9:0xea34c89c5e6ba8ee,
Arinell Pizza,,https://www.google.com/maps/place/Arinell+Pizza/data=!4m2!3m1!1s0x80857e9dd6ffe3b9:0x185072099524a4d7,
Marugame Udon,,https://www.google.com/maps/place/Marugame+Udon/data=!4m2!3m1!1s0x80857f9b371839db:0x9ffa39c03745e22f,
Triple Rock Brewing,,https://www.google.com/maps/place/Triple+Rock+Brewing/data=!4m2!3m1!1s0x80857e9dbb45d507:0xc0a080520e1030e6,
Dindigul Thalappakatti Restaurant,,https://www.google.com/maps/place/Dindigul+Thalappakatti+Restaurant/data=!4m2!3m1!1s0x808fc8df33bfb5bb:0x26caf6099f3919cc,
Tane Vegan Izakaya,,https://www.google.com/maps/place/Tane+Vegan+Izakaya/data=!4m2!3m1!1s0x80857f5446af996b:0x3f240d8d6fd29600,
Gott's Roadside,,https://www.google.com/maps/place/Gott's+Roadside/data=!4m2!3m1!1s0x808fbb2495e5f53f:0xa4f53bacfe962d87,
Toshimaen Niwa-no-yu,,https://www.google.com/maps/place/Toshimaen+Niwa-no-yu/data=!4m2!3m1!1s0x6018eda977f66829:0xda082c36be89b3bf,
AMERICAYA,,https://www.google.com/maps/place/AMERICAYA/data=!4m2!3m1!1s0x60188e9fb0c523ab:0xb05391fae3ec77c4,
SUN HOUSE（サンハウス上野）,"Japanese and some Americana, the shopkeepers and nice and knowledgable ",https://www.google.com/maps/place/SUN+HOUSE%EF%BC%88%E3%82%B5%E3%83%B3%E3%83%8F%E3%82%A6%E3%82%B9%E4%B8%8A%E9%87%8E%EF%BC%89/data=!4m2!3m1!1s0x60188e9fa12cbc4d:0x56f8d5c391900cfa,
HINOYA（ヒノヤ）,Well known for denim and Americana,https://www.google.com/maps/place/HINOYA%EF%BC%88%E3%83%92%E3%83%8E%E3%83%A4%EF%BC%89/data=!4m2!3m1!1s0x60188e9e5250ca21:0x6db3554cd9b3c98e,
Tomoegata Chanko,"Incredible chankonabe restaurant, can be a bit pricy, like $40 per person ",https://www.google.com/maps/place/Tomoegata+Chanko/data=!4m2!3m1!1s0x6018894a90340001:0x44c7388402db74f7,
Yakiniku LIKE Ueno,Solo yakiniku chain,https://www.google.com/maps/place/Yakiniku+LIKE+Ueno/data=!4m2!3m1!1s0x60188f858c7a5ef5:0xa70965f7ac1a0290,
NinjaBar,"Bar in a subway station side alley, the bartender dresses like a ninja and folks there are super social",https://www.google.com/maps/place/NinjaBar/data=!4m2!3m1!1s0x60188ec6a33e5515:0x29bac487f22b33d7,
Seafood-Monja Emon,Tableside okonomyaki ,https://www.google.com/maps/place/Seafood-Monja+Emon/data=!4m2!3m1!1s0x60188f006a3cc7dd:0x79d24f279f5ae91,
Shinjuku Golden Gai,Alleyways filled with lots of tiny little bars,https://www.google.com/maps/place/Shinjuku+Golden+Gai/data=!4m2!3m1!1s0x60188cd96586b9af:0x71a5c0e1150c1a8f,
Shinjuku Whisky Salon,,https://www.google.com/maps/place/Shinjuku+Whisky+Salon/data=!4m2!3m1!1s0x60188d65f4a59def:0x5ae373a094c3af68,
Ramen Kai,Clam broth ramen,https://www.google.com/maps/place/Ramen+Kai/data=!4m2!3m1!1s0x60188eb764b73a1d:0x9748390476d9287d,
Tandor,Russian bakery,https://www.google.com/maps/place/Tandor/data=!4m2!3m1!1s0x357ca335ca92ffbf:0x93b07e55661e50fb,
Ee Coffee,Super aesthetic coffee shop with a golden retriever ,https://www.google.com/maps/place/Ee+Coffee/data=!4m2!3m1!1s0x3565e3cc5c680245:0x76a999d0a4710206,
카페슬로우 (Cafe Slow),Cool back alley bar and hookah. Variety of drinks,https://www.google.com/maps/place/%EC%B9%B4%ED%8E%98%EC%8A%AC%EB%A1%9C%EC%9A%B0+(Cafe+Slow)/data=!4m2!3m1!1s0x357ca158e0242165:0xb8fddf225cfbd8db,
Penrose KL,"The owner, Jon Lee, is super cool",https://www.google.com/maps/place/Penrose+KL/data=!4m2!3m1!1s0x31cc49b4efba4c4b:0xe8eda1a116451cbf,
Yut Kee Restaurant,"Signature dishes – kaya toast, chicken/pork chops, roti babi (translates to ‘pig bread’, but is really a deep-fried pork sandwich), Hailam noodles, buttery marble cake.",https://www.google.com/maps/place/Yut+Kee+Restaurant/data=!4m2!3m1!1s0x31cc482c1e868c0d:0xb674598b12ad056,
Sun Fong Bak Kut Teh,Malaysian bak kut teh - different from Singapore,https://www.google.com/maps/place/Sun+Fong+Bak+Kut+Teh/data=!4m2!3m1!1s0x31cc362ee517b18d:0x4e08487469270423,
Jln Alor,"Street food, night market",https://www.google.com/maps/place/Jln+Alor/data=!4m2!3m1!1s0x31cc362993b6bbf9:0xb51e49d2f36c3d3f,
Sri Nirwana Maju Restaurant @Bangsar,"Banana leaf rice
Remember to order a side of fried chicken or squid.
Don’t miss: The deep-fried bitter gourd. They come with the meal, and don’t be surprised if you find yourself asking for more of these addictive munchies.",https://www.google.com/maps/place/Sri+Nirwana+Maju+Restaurant+@Bangsar/data=!4m2!3m1!1s0x31cc49986bf975eb:0xc665ab34e8a90543,
Peranakan Mansion 僑生府,Beautiful restaurant,https://www.google.com/maps/place/Peranakan+Mansion+%E5%83%91%E7%94%9F%E5%BA%9C/data=!4m2!3m1!1s0x31d1f1ac4b73a9c3:0xc827d89d63b96301,
Cendol Kampung Hulu @Makan Avenue,Malaysian shaved ice,https://www.google.com/maps/place/Cendol+Kampung+Hulu+@Makan+Avenue/data=!4m2!3m1!1s0x31d1f1b88d5e9013:0x8ea9929385ae27fb,
Restaurant Ban Lee Siang,"Satay skewer celup -- satay hot pot, basically",https://www.google.com/maps/place/Restaurant+Ban+Lee+Siang/data=!4m2!3m1!1s0x31d1f1d03954b23b:0xee6ce8812a503334,
Klebang Original Coconut Shake,,https://www.google.com/maps/place/Klebang+Original+Coconut+Shake/data=!4m2!3m1!1s0x31d1f0feb627c9e5:0xe7d74052f719f2de,
Newton Food Centre,Featured in Crazy Rich Asians,https://www.google.com/maps/place/Newton+Food+Centre/data=!4m2!3m1!1s0x31da19ebfc0b8c7b:0xd484e5a893032ac9,
"Zam Zam Restaurant, Singapore","Really really good - their murtabak is famous. Lamb biryani, fish curry, and ice tea really good too","https://www.google.com/maps/place/Zam+Zam+Restaurant,+Singapore/data=!4m2!3m1!1s0x31da19a517c53f6d:0x3c7f94a331e9d5b0",
JUMBO Seafood - Riverside Point,Chili crab - get the fried mantou,https://www.google.com/maps/place/JUMBO+Seafood+-+Riverside+Point/data=!4m2!3m1!1s0x31da1975553e3fe5:0xdbda8b3e22b39132,
Tippling Club,Asia's 50 best bars,https://www.google.com/maps/place/Tippling+Club/data=!4m2!3m1!1s0x31da196d5972375d:0xb244a33d5ba858b9,
Native,Drinks inspired by local flavors,https://www.google.com/maps/place/Native/data=!4m2!3m1!1s0x31da190d64539b79:0x3bd8a2fabc3d6577,
Springleaf Prata Place - Jln Tua Kong,"Creative pratas - get the Murtaburger, a prata version of a Malaysian Ramly burger",https://www.google.com/maps/place/Springleaf+Prata+Place+-+Jln+Tua+Kong/data=!4m2!3m1!1s0x31da22a54eb7a557:0x97608fadaecf310c,
Chilli Pan Mee (Batu Rd),,https://www.google.com/maps/place/Chilli+Pan+Mee+(Batu+Rd)/data=!4m2!3m1!1s0x31da19287fb5a255:0x7982c21d4d83ffaa,
Kim Lian Kee,Hokkien mee,https://www.google.com/maps/place/Kim+Lian+Kee/data=!4m2!3m1!1s0x31cc49d1b22732cb:0x8aafb3c5a4931138,
Brader John Burger,"Ramly burger, Malaysia's iconic late night drunk food. Order the Master Burger",https://www.google.com/maps/place/Brader+John+Burger/data=!4m2!3m1!1s0x31cc49368008c6b9:0x3d67012314c62d8,
Village Park Restaurant,Nasi lemak,https://www.google.com/maps/place/Village+Park+Restaurant/data=!4m2!3m1!1s0x31cc4931330bf621:0x21aac39e1d6f6f3c,
Haig Road Putu Piring,,https://www.google.com/maps/place/Haig+Road+Putu+Piring/data=!4m2!3m1!1s0x31da181716120239:0x77949dea389cb4a9,
Amoy Street Food Centre,,https://www.google.com/maps/place/Amoy+Street+Food+Centre/data=!4m2!3m1!1s0x31da19129bf396d5:0xc4c74da290ec162f,
Song Fa Bak Kut Teh 11 New Bridge Road,,https://www.google.com/maps/place/Song+Fa+Bak+Kut+Teh+11+New+Bridge+Road/data=!4m2!3m1!1s0x31da190a80c3583f:0xc7bd17dac49c70f5,
Maxwell Food Centre,,https://www.google.com/maps/place/Maxwell+Food+Centre/data=!4m2!3m1!1s0x31da190d4d2ce4b1:0xce7f195d585390aa,
Biscuit Bender,,https://www.google.com/maps/place/Biscuit+Bender/data=!4m2!3m1!1s0x80858066f2e97221:0xb14f2ffb8f211eac,
Pav Bhaji and More,,https://www.google.com/maps/place/Pav+Bhaji+and+More/data=!4m2!3m1!1s0x808fb70e9d636cd9:0xaa8c55b9f4db91c1,
La Birrieria,,https://www.google.com/maps/place/La+Birrieria/data=!4m2!3m1!1s0x808fcd564e27d87d:0xe91430eab425b350,
Marcella's Lasagneria,,https://www.google.com/maps/place/Marcella's+Lasagneria/data=!4m2!3m1!1s0x808f7fb9f0ddecab:0x457539d2d31520b0,
Woorijip,,https://www.google.com/maps/place/Woorijip/data=!4m2!3m1!1s0x89c259a8f1bef1cd:0x7205b1a9e0c152e4,
Spats Berkeley,,https://www.google.com/maps/place/Spats+Berkeley/data=!4m2!3m1!1s0x80857e9efa22a973:0x53e8cdb99bf3595c,
El Burro Picante,,https://www.google.com/maps/place/El+Burro+Picante/data=!4m2!3m1!1s0x80857e9ec484623f:0x8934fa94127bc2b1,
Jayakarta Restaurant,,https://www.google.com/maps/place/Jayakarta+Restaurant/data=!4m2!3m1!1s0x80857e9ec413cc71:0x476aec5c15db9d09,
Comal Next Door,,https://www.google.com/maps/place/Comal+Next+Door/data=!4m2!3m1!1s0x80857e9e88dd3ee5:0x1e7db2cdb65d41cd,
Comal,,https://www.google.com/maps/place/Comal/data=!4m2!3m1!1s0x80857e9e893c79c3:0x5b6e97d44d0b2925,
Barbarian grub and ale,,https://www.google.com/maps/place/Barbarian+grub+and+ale/data=!4m2!3m1!1s0x80857e9e8c16aebb:0x56e2a33844a64653,
Imm Thai Street Food,,https://www.google.com/maps/place/Imm+Thai+Street+Food/data=!4m2!3m1!1s0x80857e9eec4f1e63:0x5f54d96f0dccdb72,
Na Ya Dessert Cafe,,https://www.google.com/maps/place/Na+Ya+Dessert+Cafe/data=!4m2!3m1!1s0x808581b7017ad6a3:0x8d9ece8c65b5dbbe,
Chez maman east,,https://www.google.com/maps/place/Chez+maman+east/data=!4m2!3m1!1s0x1532f63595a49fdd:0xac59d1857e129a53,
Roberta's,Get the bee sting,https://www.google.com/maps/place/Roberta's/data=!4m2!3m1!1s0x89c25d0d3ab223cd:0x16b11fd586b90f7d,
Good Mong Kok Bakery,,https://www.google.com/maps/place/Good+Mong+Kok+Bakery/data=!4m2!3m1!1s0x808580f346d6eabd:0x8788efd0026df355,
Madras Café,,https://www.google.com/maps/place/Madras+Caf%C3%A9/data=!4m2!3m1!1s0x808fb6e8d40eb295:0x7990316e7fd45ea7,
Dutch Goose,,https://www.google.com/maps/place/Dutch+Goose/data=!4m2!3m1!1s0x808fa4e95d40c7b7:0x1d7e8b47a1d23a5c,
Long Bridge Pizza Co.,,https://www.google.com/maps/place/Long+Bridge+Pizza+Co./data=!4m2!3m1!1s0x808f7fb9bbc9c65f:0xb3389a5cb56e6fcb,
Pollara Pizzeria,,https://www.google.com/maps/place/Pollara+Pizzeria/data=!4m2!3m1!1s0x80857f0779108ad1:0xb07608ed159e8868,
Oceanview Diner,,https://www.google.com/maps/place/Oceanview+Diner/data=!4m2!3m1!1s0x80857edd314a21fd:0x23c3f24958a1705b,
Hong Kong Clay Pot Restaurant,,https://www.google.com/maps/place/Hong+Kong+Clay+Pot+Restaurant/data=!4m2!3m1!1s0x808580f4a4f14b15:0x8f36066f9782b27b,
Lois The Pie Queen,,https://www.google.com/maps/place/Lois+The+Pie+Queen/data=!4m2!3m1!1s0x80857e7093f68331:0xce4677765f3cea77,
Daeho Kalbi Jjim & Beef Soup,,https://www.google.com/maps/place/Daeho+Kalbi+Jjim+%26+Beef+Soup/data=!4m2!3m1!1s0x808fc9bf1af0b19d:0xd701d482ea8261d2,
Hon's Wun-Tun House,,https://www.google.com/maps/place/Hon's+Wun-Tun+House/data=!4m2!3m1!1s0x8085808b1948e55b:0xcb3994bcd586810e,
Saap Ver Thai Food,,https://www.google.com/maps/place/Saap+Ver+Thai+Food/data=!4m2!3m1!1s0x808f7e2ce1b83939:0xa45f9558cfd40888,
Wah Fung Fast Food,,https://www.google.com/maps/place/Wah+Fung+Fast+Food/data=!4m2!3m1!1s0x89c25987ffa99e09:0xfbce3ee954c0d58a,
,,https://www.google.com/maps/place//data=!4m2!3m1!1s0x808f7e3e861f6461:0x16bf3c7919aaa08b,
,,https://www.google.com/maps/place//data=!4m2!3m1!1s0x808f7fb9ba7b10c3:0xa0b0948519a000d,
,,https://www.google.com/maps/place//data=!4m2!3m1!1s0x808f7fba217b3d3b:0xd09e2121dc4054a2,
Hot Sauce and Panko To Go,,https://www.google.com/maps/place/Hot+Sauce+and+Panko+To+Go/data=!4m2!3m1!1s0x808580ec7a58b619:0x884f16b51e7b45d7,
,,https://www.google.com/maps/place//data=!4m2!3m1!1s0x808580f3921752c7:0x47981c920350d730,
,,https://www.google.com/maps/place//data=!4m2!3m1!1s0x8085808b5f23f48d:0xcce73b18d8c099a9,
El Chipotle Mexican & American Food,,https://www.google.com/maps/place/El+Chipotle+Mexican+%26+American+Food/data=!4m2!3m1!1s0x54d1576c36d4549d:0x1befd6dc6adb05db,
Za's Lakefront,,https://www.google.com/maps/place/Za's+Lakefront/data=!4m2!3m1!1s0x80997d764239527f:0x3f8512b60b2418c6,
Bird & The Bottle,,https://www.google.com/maps/place/Bird+%26+The+Bottle/data=!4m2!3m1!1s0x808447e33be6cbf1:0x96d68403d7c47e19,
Toni's 24 Hour Restaurant,,https://www.google.com/maps/place/Toni's+24+Hour+Restaurant/data=!4m2!3m1!1s0x54d150aa441cafab:0x9feda0e1a5076e0b,
Sikh Gurdwara of San José,,https://www.google.com/maps/place/Sikh+Gurdwara+of+San+Jos%C3%A9/data=!4m2!3m1!1s0x808e2d1d491b0259:0xb0224436d5ae09f,
Santa Barbara Fish Market,,https://www.google.com/maps/place/Santa+Barbara+Fish+Market/data=!4m2!3m1!1s0x80e913f5ba6d1a5d:0x56406a71c17b08cb,
peasants FEAST,,https://www.google.com/maps/place/peasants+FEAST/data=!4m2!3m1!1s0x80e9553b8dde4855:0xa575771613a53700,
Suraya Restaurant,,https://www.google.com/maps/place/Suraya+Restaurant/data=!4m2!3m1!1s0x89c6c86ae2ff0fc3:0x1273baad5630028b,
Sfoglina Downtown,,https://www.google.com/maps/place/Sfoglina+Downtown/data=!4m2!3m1!1s0x89b7b79393b15919:0x8b4513c59ad0441c,
Oriental BBQ Chicken Town,,https://www.google.com/maps/place/Oriental+BBQ+Chicken+Town/data=!4m2!3m1!1s0x80857dd9a2caba89:0xefb18940fbfaf798,
Piccino,,https://www.google.com/maps/place/Piccino/data=!4m2!3m1!1s0x808f7fb9f9f92d67:0x81848b9f3ed21b04,
Everett & Jones Barbeque,,https://www.google.com/maps/place/Everett+%26+Jones+Barbeque/data=!4m2!3m1!1s0x80857ec1b927b7ff:0x9cc6c4a69d2a2252,
La Mission,,https://www.google.com/maps/place/La+Mission/data=!4m2!3m1!1s0x80857ebffecc39c7:0x557d3ee62c243981,
Fuji Huoshao & Dumpling,,https://www.google.com/maps/place/Fuji+Huoshao+%26+Dumpling/data=!4m2!3m1!1s0x808fb50c7491e131:0xa7909a536cee9680,
Besharam,,https://www.google.com/maps/place/Besharam/data=!4m2!3m1!1s0x808f7f0ce31950a5:0x7718a923d0103fe2,
Yin Du Wonton Noodle,,https://www.google.com/maps/place/Yin+Du+Wonton+Noodle/data=!4m2!3m1!1s0x808580f485579063:0xdb769336b532394c,
A Slice of New York,,https://www.google.com/maps/place/A+Slice+of+New+York/data=!4m2!3m1!1s0x808fcaef535c5d1b:0x84b1d6b2d564f5dd,
Moo Bong Ri,,https://www.google.com/maps/place/Moo+Bong+Ri/data=!4m2!3m1!1s0x80857de25703fe99:0xa9a078d44f969ccf,
Taquería El Farolito,,https://www.google.com/maps/place/Taquer%C3%ADa+El+Farolito/data=!4m2!3m1!1s0x808f7e474d4864e5:0xc3479e37f17ac921,
La Taqueria,,https://www.google.com/maps/place/La+Taqueria/data=!4m2!3m1!1s0x808f7e46d50136ad:0x21fce96ce541e475,
Suppenküche,,https://www.google.com/maps/place/Suppenk%C3%BCche/data=!4m2!3m1!1s0x808580a24ec2f6f1:0x2117f92303bb4bf5,
Burma Superstar,,https://www.google.com/maps/place/Burma+Superstar/data=!4m2!3m1!1s0x80857de1843a955f:0x951b79d8c35ce396,
Ramen Yamadaya,,https://www.google.com/maps/place/Ramen+Yamadaya/data=!4m2!3m1!1s0x808580b8d2d7d3b9:0xf378d114a96c3e38,
Mensho Tokyo SF,,https://www.google.com/maps/place/Mensho+Tokyo+SF/data=!4m2!3m1!1s0x80858091bfcba4f3:0xef6d15db707c1776,
El Techo,,https://www.google.com/maps/place/El+Techo/data=!4m2!3m1!1s0x808f7e3eb7fd8a69:0x4963034551042156,
Noodles Fresh | Berkeley CA Chinese Cuisine,,https://www.google.com/maps/place/Noodles+Fresh+%7C+Berkeley+CA+Chinese+Cuisine/data=!4m2!3m1!1s0x80857f371a6fb483:0x1a0a52a734a69d41,
Turtle Tower Restaurant,,https://www.google.com/maps/place/Turtle+Tower+Restaurant/data=!4m2!3m1!1s0x80858090cfb822fd:0x14632f768098b06c,
Taqueria Los Pericos,,https://www.google.com/maps/place/Taqueria+Los+Pericos/data=!4m2!3m1!1s0x808e40259ef71211:0xc5436a3574cfc597,
Moo Bong Ri Korean Restaurant,,https://www.google.com/maps/place/Moo+Bong+Ri+Korean+Restaurant/data=!4m2!3m1!1s0x808fb5f1188dddfd:0x2975c7f44ebead72,
Yugen Ramen,,https://www.google.com/maps/place/Yugen+Ramen/data=!4m2!3m1!1s0x808fb7343b2418bd:0x97552ea5316e3eb,
The Tamale Factory,,https://www.google.com/maps/place/The+Tamale+Factory/data=!4m2!3m1!1s0x808fcd692343bb39:0x9167f0c41c5a08e1,
Steins Beer Garden & Restaurant,,https://www.google.com/maps/place/Steins+Beer+Garden+%26+Restaurant/data=!4m2!3m1!1s0x808fb734446d31bb:0xb91b9ea61eee07d6,
Von Ebert Brewing,,https://www.google.com/maps/place/Von+Ebert+Brewing/data=!4m2!3m1!1s0x54950a026195d3d1:0xc963ec954890bb07,
Lardo,,https://www.google.com/maps/place/Lardo/data=!4m2!3m1!1s0x54950a0311103955:0x83027f678e05cfa3,
Falafel STOP,,https://www.google.com/maps/place/Falafel+STOP/data=!4m2!3m1!1s0x808fb5d681ffd42d:0x86fc95f3cc7e8704,
Hubei Restaurant,,https://www.google.com/maps/place/Hubei+Restaurant/data=!4m2!3m1!1s0x808f77a1c60e18c9:0xb7c3eb719b190dd,
Sichuan Chong Qing Cuisine,,https://www.google.com/maps/place/Sichuan+Chong+Qing+Cuisine/data=!4m2!3m1!1s0x808f9e70ff66e7c1:0x54160114aa317d8c,
Wursthall,,https://www.google.com/maps/place/Wursthall/data=!4m2!3m1!1s0x808f9e772b4c93ad:0xfda4894b878e7444,
Viks Chaat,,https://www.google.com/maps/place/Viks+Chaat/data=!4m2!3m1!1s0x80857ee873ccbc7d:0x155df5665e04771b,
"Javi's Cooking ""Empanadas Argentinas""",,https://www.google.com/maps/place/Javi's+Cooking+%22Empanadas+Argentinas%22/data=!4m2!3m1!1s0x80857f192af360b9:0xaa0aa9bd93b4e221,
Pine Tree Cafe,,https://www.google.com/maps/place/Pine+Tree+Cafe/data=!4m2!3m1!1s0x79540de95f6ad4b5:0x252082f83c3c9268,
Matsuyama Food Mart,,https://www.google.com/maps/place/Matsuyama+Food+Mart/data=!4m2!3m1!1s0x79540c5e60e358a7:0xfb0aa5b9e89c40f7,
Kona Wave Cafe,,https://www.google.com/maps/place/Kona+Wave+Cafe/data=!4m2!3m1!1s0x79540ef8d06a2e31:0x2462877c8a37a0c6,
808 Grindz Cafe,,https://www.google.com/maps/place/808+Grindz+Cafe/data=!4m2!3m1!1s0x79540ef99b9a090b:0x47f1469d74e97b8d,
Hot Malasadas Truck,,https://www.google.com/maps/place/Hot+Malasadas+Truck/data=!4m2!3m1!1s0x7953832d37996a8b:0x50b7161feca66050,
Hale I'a Da Fish House,,https://www.google.com/maps/place/Hale+I'a+Da+Fish+House/data=!4m2!3m1!1s0x795380eb7f0bad5d:0xc4f16eec529db562,
Ola Brew Co,,https://www.google.com/maps/place/Ola+Brew+Co/data=!4m2!3m1!1s0x79540ef7e5b64fc1:0xdb44bb9ee33c69ea,
Ululani‘s Hawaiian Shave Ice,,https://www.google.com/maps/place/Ululani%E2%80%98s+Hawaiian+Shave+Ice/data=!4m2!3m1!1s0x79540ef8b4537191:0x9723da3c02e9e8d7,
Island Ono Loa Grill,,https://www.google.com/maps/place/Island+Ono+Loa+Grill/data=!4m2!3m1!1s0x79540efda83b4997:0x23337b9f0d61adae,
Basik Cafe,,https://www.google.com/maps/place/Basik+Cafe/data=!4m2!3m1!1s0x79540f02876288f5:0xb7826e6d75c2aa6c,
Broke Da Mouth Grindz & Catering,,https://www.google.com/maps/place/Broke+Da+Mouth+Grindz+%26+Catering/data=!4m2!3m1!1s0x79540e585d72d593:0xc4495aed7d8c5ab9,
Pizza Palace,,https://www.google.com/maps/place/Pizza+Palace/data=!4m2!3m1!1s0x808fcb67c8b769d5:0x35dab1f161f38599,
Fugetsu - San Jose,,https://www.google.com/maps/place/Fugetsu+-+San+Jose/data=!4m2!3m1!1s0x808fcb5b8696a3e7:0x1715c20b514315a4,
Negeen Restaurant,,https://www.google.com/maps/place/Negeen+Restaurant/data=!4m2!3m1!1s0x808e3533857f1c2b:0xe90c3f9e0ef0b4d8,
Taishoken Ramen,,https://www.google.com/maps/place/Taishoken+Ramen/data=!4m2!3m1!1s0x808f9f15e8da0699:0x103b58606eb26cb0,
Yeganeh Bakery and Kafe Unik,,https://www.google.com/maps/place/Yeganeh+Bakery+and+Kafe+Unik/data=!4m2!3m1!1s0x808fb624d833dcfd:0x19a67c29ce238297,
South Winchester BBQ,,https://www.google.com/maps/place/South+Winchester+BBQ/data=!4m2!3m1!1s0x808e352a573a1a49:0xe805950681af6c8d,
Chef Chu's,,https://www.google.com/maps/place/Chef+Chu's/data=!4m2!3m1!1s0x808fb09b93533fd5:0xf23aca3393058d14,
Kirala,,https://www.google.com/maps/place/Kirala/data=!4m2!3m1!1s0x80857e80350aaa73:0xd4d404dc18f8a577,
Wat Mongkolratanaram,,https://www.google.com/maps/place/Wat+Mongkolratanaram/data=!4m2!3m1!1s0x80857e886e39daf1:0xe309caa1b5710fc0,
Emilia's Pizzeria,,https://www.google.com/maps/place/Emilia's+Pizzeria/data=!4m2!3m1!1s0x80857e7f91326157:0xf2423062325fc1c5,
Bakesale Betty,,https://www.google.com/maps/place/Bakesale+Betty/data=!4m2!3m1!1s0x80857dedfca72801:0xc9891af5696244bc,
Cholita Linda,,https://www.google.com/maps/place/Cholita+Linda/data=!4m2!3m1!1s0x80857de1a63bee9d:0x4bc65901361343a,
Burma Superstar,,https://www.google.com/maps/place/Burma+Superstar/data=!4m2!3m1!1s0x80857d019daad667:0xa27b7e79c94d7b09,
Marufuku Ramen,,https://www.google.com/maps/place/Marufuku+Ramen/data=!4m2!3m1!1s0x80857de19d3623a3:0xcaca2c218406acd5,
Pyeong Chang Tofu House Oakland,,https://www.google.com/maps/place/Pyeong+Chang+Tofu+House+Oakland/data=!4m2!3m1!1s0x80857de188d10765:0x7fd9fe7483bb5e5a,
Valerio's City Bakery,,https://www.google.com/maps/place/Valerio's+City+Bakery/data=!4m2!3m1!1s0x808fcc3585e12001:0x8fa6efa3ca734c3e,
Huong Lan Sandwiches,,https://www.google.com/maps/place/Huong+Lan+Sandwiches/data=!4m2!3m1!1s0x808e32bdd3b4767d:0xe617f808d69e6657,
Taqueria El Farolito,,https://www.google.com/maps/place/Taqueria+El+Farolito/data=!4m2!3m1!1s0x808e325e1db3b9bb:0xed193d8cf2baf009,
Arizmendi Bakery,,https://www.google.com/maps/place/Arizmendi+Bakery/data=!4m2!3m1!1s0x8085875c351fd531:0xbd0bd910a2c29bee,
Araujo's Mexican Grill - El Paisa Taqueria,,https://www.google.com/maps/place/Araujo's+Mexican+Grill+-+El+Paisa+Taqueria/data=!4m2!3m1!1s0x808e325e3942e1eb:0x99f119b7535a9ebf,
Amato's,,https://www.google.com/maps/place/Amato's/data=!4m2!3m1!1s0x808fcaba91959e37:0x9deafafe28accec3,
Giò Chả Đức Hương Sandwiches,,https://www.google.com/maps/place/Gi%C3%B2+Ch%E1%BA%A3+%C4%90%E1%BB%A9c+H%C6%B0%C6%A1ng+Sandwiches/data=!4m2!3m1!1s0x0:0x4c9ada89443266ce,
Sankranti,,https://www.google.com/maps/place/Sankranti/data=!4m2!3m1!1s0x808fb6732ae6ba25:0x154f0a7289b9fa16,
BOICHIK BAGELS,,https://www.google.com/maps/place/BOICHIK+BAGELS/data=!4m2!3m1!1s0x80857d2510fed49f:0x89d3b25e96b98357,
Bongo Burger,,https://www.google.com/maps/place/Bongo+Burger/data=!4m2!3m1!1s0x80857c2e961555a5:0x3f990611fa5f2414,
Finfine,,https://www.google.com/maps/place/Finfine/data=!4m2!3m1!1s0x80857c2c1ca3f7a5:0x333dc2cb7f01b270,
Kiraku,,https://www.google.com/maps/place/Kiraku/data=!4m2!3m1!1s0x80857c2c1a627715:0x9a18e2d5d37d59d3,
Ramen Shop,,https://www.google.com/maps/place/Ramen+Shop/data=!4m2!3m1!1s0x80857dc372123eab:0xb09a84cb2ea24603,
Slash Denim,,https://www.google.com/maps/place/Slash+Denim/data=!4m2!3m1!1s0x80857dcd83283f0b:0x1cfc308a907fd21c,
Nabolom Bakery - Pizzeria.,,https://www.google.com/maps/place/Nabolom+Bakery+-+Pizzeria./data=!4m2!3m1!1s0x80857dcd98ee53a3:0x288d6d0cd58f87c7,
Donato & Co.,,https://www.google.com/maps/place/Donato+%26+Co./data=!4m2!3m1!1s0x80857dcdf1aedbed:0x68a73bc212dc7a55,
Gordo Taqueria,,https://www.google.com/maps/place/Gordo+Taqueria/data=!4m2!3m1!1s0x80857dce0bdc4801:0x265918e4a435a690,
New Krungthai,,https://www.google.com/maps/place/New+Krungthai/data=!4m2!3m1!1s0x808fcae24c812de9:0xfd6d74f9ecc09f7f,
Com Tam Dat Thanh,,https://www.google.com/maps/place/Com+Tam+Dat+Thanh/data=!4m2!3m1!1s0x808e32ea3a75acb9:0x9da031afc8e8c479,
Curry Life,,https://www.google.com/maps/place/Curry+Life/data=!4m2!3m1!1s0x808fca96f851971f:0x687460c9d5cdf11f,
Hash House,,https://www.google.com/maps/place/Hash+House/data=!4m2!3m1!1s0x808e353477057175:0xb2a00804e329898e,
Back A Yard,,https://www.google.com/maps/place/Back+A+Yard/data=!4m2!3m1!1s0x808e356ae248bef7:0xa37b883f4c800615,
Vesta,,https://www.google.com/maps/place/Vesta/data=!4m2!3m1!1s0x808fa3acb40c483f:0x6e9e6c83b4d54065,
Soong Soong Restaurant,,https://www.google.com/maps/place/Soong+Soong+Restaurant/data=!4m2!3m1!1s0x808fcaec398838a7:0x60fd3593fd42859f,
Clover Bakery & Cafe,,https://www.google.com/maps/place/Clover+Bakery+%26+Cafe/data=!4m2!3m1!1s0x808fca96e20164a3:0x489f8088c3fe5136,
Mitsuwa Marketplace - San Jose,,https://www.google.com/maps/place/Mitsuwa+Marketplace+-+San+Jose/data=!4m2!3m1!1s0x808fca9666411fd9:0x1d01b64563871544,
Takahashi Market,,https://www.google.com/maps/place/Takahashi+Market/data=!4m2!3m1!1s0x808f9e7a699ed723:0xd25e42c4b1039754,
Shake Shack,,https://www.google.com/maps/place/Shake+Shack/data=!4m2!3m1!1s0x808f9f5d194dc39d:0xb6be0fe02d70cd53,
Palette Tea Garden & Dim Sum 彩苑,,https://www.google.com/maps/place/Palette+Tea+Garden+%26+Dim+Sum+%E5%BD%A9%E8%8B%91/data=!4m2!3m1!1s0x808f9fa6a26bfb69:0x8486543d7023603f,
Poulet,,https://www.google.com/maps/place/Poulet/data=!4m2!3m1!1s0x80857ea1b74a88e7:0x77c4f0cb006bfc2b,
Cha-Ya,,https://www.google.com/maps/place/Cha-Ya/data=!4m2!3m1!1s0x80857ea1ba1e17b1:0xdc610e9b5e2a357a,
Da Lian Restaurant,,https://www.google.com/maps/place/Da+Lian+Restaurant/data=!4m2!3m1!1s0x80857ea1bb18d31f:0xe4fb2c4af9e92782,
Crepevine Restaurants,,https://www.google.com/maps/place/Crepevine+Restaurants/data=!4m2!3m1!1s0x80857ea10ece69a3:0x695289c2655a0a03,
Grégoire Restaurant,,https://www.google.com/maps/place/Gr%C3%A9goire+Restaurant/data=!4m2!3m1!1s0x80857ea11b66ddb5:0xc40f489d63d439a2,
Chez Panisse,,https://www.google.com/maps/place/Chez+Panisse/data=!4m2!3m1!1s0x80857ea1255c8b71:0x4163509ac1eb5cf9,
Cheese Board Bakery,,https://www.google.com/maps/place/Cheese+Board+Bakery/data=!4m2!3m1!1s0x80857ea1344c98af:0x314b749bfb2469c6,
Peet's Coffee,,https://www.google.com/maps/place/Peet's+Coffee/data=!4m2!3m1!1s0x80857ea12b318d1d:0x1b0fe71cdb63e238,
Saul's Restaurant & Delicatessen,,https://www.google.com/maps/place/Saul's+Restaurant+%26+Delicatessen/data=!4m2!3m1!1s0x80857ea6d01fc281:0xc6b6dd4344302aff,
Kamado Sushi,,https://www.google.com/maps/place/Kamado+Sushi/data=!4m2!3m1!1s0x80857ea68d730255:0xfb36f3c2a8c7c68d,
Junior's Restaurant and Bakery,,https://www.google.com/maps/place/Junior's+Restaurant+and+Bakery/data=!4m2!3m1!1s0x89c25e9540f32929:0xe9e262856e34ee99,
Tobang,,https://www.google.com/maps/place/Tobang/data=!4m2!3m1!1s0x808fca6e7e6cabcb:0x855b9a60587696cc,
Mexico Bakery,,https://www.google.com/maps/place/Mexico+Bakery/data=!4m2!3m1!1s0x808fcd448e1531ff:0x11108a1ef781c47f,
Portumex,,https://www.google.com/maps/place/Portumex/data=!4m2!3m1!1s0x808578039dc20d8f:0x5da247b25d148738,
Zachary's Chicago Pizza,,https://www.google.com/maps/place/Zachary's+Chicago+Pizza/data=!4m2!3m1!1s0x808f87d26fa615a3:0x9c2f6aa2356a78d5,
Calavera,,https://www.google.com/maps/place/Calavera/data=!4m2!3m1!1s0x808f80acc600173b:0xe7c4eb3cc3313c74,
dosa By DOSA,,https://www.google.com/maps/place/dosa+By+DOSA/data=!4m2!3m1!1s0x808f80acdcd5a3d7:0x727752d2c1b13333,
Drake's Dealership,,https://www.google.com/maps/place/Drake's+Dealership/data=!4m2!3m1!1s0x808f96b28ff6d4e7:0x6d05728ed264a120,
Lucky Three Seven,,https://www.google.com/maps/place/Lucky+Three+Seven/data=!4m2!3m1!1s0x808f865575c71a01:0x80c2c099cc68b477,
Banh Mi Ba Le,,https://www.google.com/maps/place/Banh+Mi+Ba+Le/data=!4m2!3m1!1s0x808f86e0f437e8af:0x795f0729bb32ba81,
Shinmai,,https://www.google.com/maps/place/Shinmai/data=!4m2!3m1!1s0x808f80ae3b840239:0xf6c45ad31aa6ab66,
Spices 3 辣妹子,,https://www.google.com/maps/place/Spices+3+%E8%BE%A3%E5%A6%B9%E5%AD%90/data=!4m2!3m1!1s0x808f80b43ce2a90d:0x95429d5e7dd07c29,
Shooting Star Cafe,,https://www.google.com/maps/place/Shooting+Star+Cafe/data=!4m2!3m1!1s0x808f80b4332d27b3:0x78b9b0592e9c2295,
Gum Kuo,,https://www.google.com/maps/place/Gum+Kuo/data=!4m2!3m1!1s0x808f80b67f1b9b13:0x1b52a04754542816,
Shan Dong,,https://www.google.com/maps/place/Shan+Dong/data=!4m2!3m1!1s0x808f80b5c6d4610d:0x410ae1ade597863f,
Independent Brewing Company,,https://www.google.com/maps/place/Independent+Brewing+Company/data=!4m2!3m1!1s0x808f80c986d99669:0x1db308bcdeee7891,
Oakland Brewing Company,,https://www.google.com/maps/place/Oakland+Brewing+Company/data=!4m2!3m1!1s0x808f86e705d324d3:0xcf7ffa67473097bf,
Original Pattern Brewing,,https://www.google.com/maps/place/Original+Pattern+Brewing/data=!4m2!3m1!1s0x808f80c98226cad1:0x1425c3fb6d3497fe,
Federation Brewing,,https://www.google.com/maps/place/Federation+Brewing/data=!4m2!3m1!1s0x808f80c822d2483f:0xefc1990b2a00f367,
Souley Vegan,,https://www.google.com/maps/place/Souley+Vegan/data=!4m2!3m1!1s0x808f80b7fd5d2be9:0xef35ce06fd87985a,
East Ocean Seafood Restaurant,,https://www.google.com/maps/place/East+Ocean+Seafood+Restaurant/data=!4m2!3m1!1s0x808f8127e1b70673:0xeb68a2c2e860aad0,
Sala Thai 3 Warm Springs,,https://www.google.com/maps/place/Sala+Thai+3+Warm+Springs/data=!4m2!3m1!1s0x808fc617067b4c47:0x5350977689859cc7,
Peking Alley,,https://www.google.com/maps/place/Peking+Alley/data=!4m2!3m1!1s0x808f9f1679941925:0x46f3d80e04e2ce42,
Taro San Japanese Noodle Bar,,https://www.google.com/maps/place/Taro+San+Japanese+Noodle+Bar/data=!4m2!3m1!1s0x808fbbfc769eca19:0xa5debef02ba0a0de,
Zareen's,,https://www.google.com/maps/place/Zareen's/data=!4m2!3m1!1s0x808fbae5974f1f73:0x41a9c29056c14571,
Pho To Chau,,https://www.google.com/maps/place/Pho+To+Chau/data=!4m2!3m1!1s0x808fb7344057537b:0x9780f2bbbd4a6f3e,
Tommy Thai,,https://www.google.com/maps/place/Tommy+Thai/data=!4m2!3m1!1s0x808fb0c93685f247:0x3103d61a37e3a2be,
Zareen's,,https://www.google.com/maps/place/Zareen's/data=!4m2!3m1!1s0x808fb7558ccfc943:0x3bf9459a83940670,
Tasty Subs & Pizza,,https://www.google.com/maps/place/Tasty+Subs+%26+Pizza/data=!4m2!3m1!1s0x808fb61fa5048af5:0xbd4b05009d84f63b,
Pekoe,,https://www.google.com/maps/place/Pekoe/data=!4m2!3m1!1s0x808e2d74f1ebc93f:0x78eae1d8acb32acf,
Phở Hương Vietnamese Restaurant,,https://www.google.com/maps/place/Ph%E1%BB%9F+H%C6%B0%C6%A1ng+Vietnamese+Restaurant/data=!4m2!3m1!1s0x808e32a34ba13099:0xa8d31222b43ff7c0,
Omogari,,https://www.google.com/maps/place/Omogari/data=!4m2!3m1!1s0x808fcc84981aa8b7:0x3b826c2d06ac0b10,
Vung Tau,,https://www.google.com/maps/place/Vung+Tau/data=!4m2!3m1!1s0x808fccbff0b8c4a3:0x7fefd5f991554b4e,
San Pedro Square Market Bar,,https://www.google.com/maps/place/San+Pedro+Square+Market+Bar/data=!4m2!3m1!1s0x808fcca243df74c3:0x9d87f2c429f5e3a5,
Easterly 眷湘,,https://www.google.com/maps/place/Easterly+%E7%9C%B7%E6%B9%98/data=!4m2!3m1!1s0x808fb583d1b46655:0xb11b8ec407b20b,
Liang's Village Cupertino,,https://www.google.com/maps/place/Liang's+Village+Cupertino/data=!4m2!3m1!1s0x808fb5a11587a951:0xc2ab639255953939,
Oren's Hummus,,https://www.google.com/maps/place/Oren's+Hummus/data=!4m2!3m1!1s0x808fb59e74490119:0xc50e66148bf29121,
Bill's Cafe - Bascom,,https://www.google.com/maps/place/Bill's+Cafe+-+Bascom/data=!4m2!3m1!1s0x808fcb164308043b:0xca3a6f4e94a74738,
Pho Lynn Restaurant,,https://www.google.com/maps/place/Pho+Lynn+Restaurant/data=!4m2!3m1!1s0x808fcb3f2a24ec99:0xf7bdbccd2af58d75,
Walia Ethiopian Cusine,,https://www.google.com/maps/place/Walia+Ethiopian+Cusine/data=!4m2!3m1!1s0x808fcb3c6605bc13:0x8bccab19a9907be9,
Falafel's Drive In,,https://www.google.com/maps/place/Falafel's+Drive+In/data=!4m2!3m1!1s0x808fcb5a149ff11b:0x989d65b1e391717c,
Snack Corner,,https://www.google.com/maps/place/Snack+Corner/data=!4m2!3m1!1s0x808fcaed5a260aad:0x53684de94b31bdcb,
Hunan Impression,,https://www.google.com/maps/place/Hunan+Impression/data=!4m2!3m1!1s0x808fb560116b8d97:0x9bf8e4be74676ef6,
Dan Izakaya Restaurant,,https://www.google.com/maps/place/Dan+Izakaya+Restaurant/data=!4m2!3m1!1s0x808fcaafdfc4b2b1:0x98629443aefe9f82,
Yummy Tofu and BBQ,,https://www.google.com/maps/place/Yummy+Tofu+and+BBQ/data=!4m2!3m1!1s0x808fcab074f18ea1:0xd04298c2153c69e,
Kyusu Burmese Cuisine,,https://www.google.com/maps/place/Kyusu+Burmese+Cuisine/data=!4m2!3m1!1s0x808fcaafde88e3a9:0xb65c713dc951d083,
Zeni,,https://www.google.com/maps/place/Zeni/data=!4m2!3m1!1s0x808fcab033930f6b:0x2ce89c165d3dd029,
LeQuy,,https://www.google.com/maps/place/LeQuy/data=!4m2!3m1!1s0x808e3548ce9858cb:0x5121ef5a45a158de,
Taqueria Eduardo,,https://www.google.com/maps/place/Taqueria+Eduardo/data=!4m2!3m1!1s0x808e352bc7b2fd33:0xe2de5a645ed0f37b,
Must be Thai,,https://www.google.com/maps/place/Must+be+Thai/data=!4m2!3m1!1s0x808fcae13eeb16c5:0x21baf41b77e07b08,
Krungthai,,https://www.google.com/maps/place/Krungthai/data=!4m2!3m1!1s0x808fcad8dea89833:0x9352e5d5bc5dd509,
QQ Noodle,,https://www.google.com/maps/place/QQ+Noodle/data=!4m2!3m1!1s0x808fb50e47bd4103:0x2293621f42427ee3,
QQ Noodle,,https://www.google.com/maps/place/QQ+Noodle/data=!4m2!3m1!1s0x808fc926a892cc99:0x15d0718e201abe18,
PHỞ HÀ NỘI San Jose,,https://www.google.com/maps/place/PH%E1%BB%9E+H%C3%80+N%E1%BB%98I+San+Jose/data=!4m2!3m1!1s0x808e2d7e6e153ed9:0xdaf5915cd5ccf787,
Dia De Pesca,,https://www.google.com/maps/place/Dia+De+Pesca/data=!4m2!3m1!1s0x808fcb3db1999fd1:0xb3ec9d4770ecaba5,
Achilles,,https://www.google.com/maps/place/Achilles/data=!4m2!3m1!1s0x808fcb8c445d85f5:0x7fbb6a9ea5cf9d2a,
