Title,Note,URL,Comment
Namdaemun Kalguksu Alley,,https://www.google.com/maps/place/Namdaemun+Kalguksu+Alley/data=!4m2!3m1!1s0x357ca2f544f807a5:0x551e32258bbd0d85,
24-hour Bone Gamjatang,,https://www.google.com/maps/place/24-hour+Bone+Gamjatang/data=!4m2!3m1!1s0x357ca3b0cbfff7df:0x26cdbc8bc022270b,
Dha Rae Oak,"Famous for their baked duck. Michelin rated, super korean",https://www.google.com/maps/place/Dha+Rae+Oak/data=!4m2!3m1!1s0x80c2b87d727f8513:0xc5eea736ddbcb58,
Mokmyeoksanbang,,https://www.google.com/maps/place/Mokmyeoksanbang/data=!4m2!3m1!1s0x357ca2f7e94d5ec7:0x708b5f14f904b99,
คุณตึ๋ง แป้งเปาะเปี๊ยะโรตีสายไหม Sai Mai Roti,Spun sugar roti,https://www.google.com/maps/place/%E0%B8%84%E0%B8%B8%E0%B8%93%E0%B8%95%E0%B8%B6%E0%B9%8B%E0%B8%87+%E0%B9%81%E0%B8%9B%E0%B9%89%E0%B8%87%E0%B9%80%E0%B8%9B%E0%B8%B2%E0%B8%B0%E0%B9%80%E0%B8%9B%E0%B8%B5%E0%B9%8A%E0%B8%A2%E0%B8%B0%E0%B9%82%E0%B8%A3%E0%B8%95%E0%B8%B5%E0%B8%AA%E0%B8%B2%E0%B8%A2%E0%B9%84%E0%B8%AB%E0%B8%A1+Sai+Mai+Roti/data=!4m2!3m1!1s0x30e29f8647ce2071:0xcc2c5ef678452c73,
109 ไก่ทอดหาดใหญ่ - Chapter Market (109 Hat Yai Fried Chicken),,https://www.google.com/maps/place/109+%E0%B9%84%E0%B8%81%E0%B9%88%E0%B8%97%E0%B8%AD%E0%B8%94%E0%B8%AB%E0%B8%B2%E0%B8%94%E0%B9%83%E0%B8%AB%E0%B8%8D%E0%B9%88+-+Chapter+Market+(109+Hat+Yai+Fried+Chicken)/data=!4m2!3m1!1s0x30e297002c3ffeb3:0x3a5cc01a5c3701e8,
The Originals Mae On's Curry Over Rice at Saphan Han,,https://www.google.com/maps/place/The+Originals+Mae+On's+Curry+Over+Rice+at+Saphan+Han/data=!4m2!3m1!1s0x30e299194c48e4c5:0xdcb25816610d34e1,
Ob Aroi Town In Town (Not Ob Aroi franchise),,https://www.google.com/maps/place/Ob+Aroi+Town+In+Town+(Not+Ob+Aroi+franchise)/data=!4m2!3m1!1s0x30e29e06050a9d69:0x96382c13092c1577,
Somboon Seafood,Curry crab,https://www.google.com/maps/place/Somboon+Seafood/data=!4m2!3m1!1s0x30e298d19aeee797:0x2a63abc0342b94e,
Harry's Hofbrau,,https://www.google.com/maps/place/Harry's+Hofbrau/data=!4m2!3m1!1s0x808fa3a62ecd5eeb:0xcfc80aa9584ecd19,
North Restaurant,"Northern Thai food multi-course meal, very fancy",https://www.google.com/maps/place/North+Restaurant/data=!4m2!3m1!1s0x30e29fec09321871:0x9f94089a0abc0329,
Khao Tom Jay Suay,,https://www.google.com/maps/place/Khao+Tom+Jay+Suay/data=!4m2!3m1!1s0x30e29923c685932f:0xf27b8a581fa577c2,
Invitation Only,"Stylish date night spot, has a sultry lounge-y Americana vibe",https://www.google.com/maps/place/Invitation+Only/data=!4m2!3m1!1s0x30e299b47cd13b79:0xc1658b82020b2227,
Charcoal Tandoor Grill & Mixology,,https://www.google.com/maps/place/Charcoal+Tandoor+Grill+%26+Mixology/data=!4m2!3m1!1s0x30e29ee898209b17:0x26fc506fc466aeb8,
Yankii Robatayaki & Bar,,https://www.google.com/maps/place/Yankii+Robatayaki+%26+Bar/data=!4m2!3m1!1s0x30e29fe547d31f47:0x3e431a3615ffff00,
Charoengang - เจริญแกง EmQuartier,,https://www.google.com/maps/place/Charoengang+-+%E0%B9%80%E0%B8%88%E0%B8%A3%E0%B8%B4%E0%B8%8D%E0%B9%81%E0%B8%81%E0%B8%87+EmQuartier/data=!4m2!3m1!1s0x30e29fa31b45d6f3:0x26eab110b63f7437,
Best Beef Sukhumvit (On Nut),Unlimited beer bbq buffet,https://www.google.com/maps/place/Best+Beef+Sukhumvit+(On+Nut)/data=!4m2!3m1!1s0x30e29fa9a6d0c707:0x619b2fcea8f3ff63,
Aroi Sushi,Seafood sushi buffet,https://www.google.com/maps/place/Aroi+Sushi/data=!4m2!3m1!1s0x30e29e5ab1da784b:0xbfcf06865f5c7907,
Baan Dok Pud,,https://www.google.com/maps/place/Baan+Dok+Pud/data=!4m2!3m1!1s0x30e29dced2e8524f:0xdcb24824afb3a879,
Pa Tim Thai Curry Restaurant,Premium thai khao gaeng,https://www.google.com/maps/place/Pa+Tim+Thai+Curry+Restaurant/data=!4m2!3m1!1s0x30e2996cfc01fffb:0xa237fbe8d52585e7,
Racha Bamee Giew Moo Krob (Papa 90 Decibels),"This Bangkok street food stalls claims the crispiness from their pork skin is equal to 90 Decibels! Invented this new dish, Moo krob yum (crispy pork belly salad)",https://www.google.com/maps/place/Racha+Bamee+Giew+Moo+Krob+(Papa+90+Decibels)/data=!4m2!3m1!1s0x30e29dbd8fd08121:0xe99a10768bc22c13,
Gu Long Bao,,https://www.google.com/maps/place/Gu+Long+Bao/data=!4m2!3m1!1s0x30e2990029af42d7:0x164885832949ac26,
Urai Han Palo Braised Goose,,https://www.google.com/maps/place/Urai+Han+Palo+Braised+Goose/data=!4m2!3m1!1s0x30e299202c08a4cb:0x936fa5b33fb223e6,
Amulet Market,,https://www.google.com/maps/place/Amulet+Market/data=!4m2!3m1!1s0x30e2990b834ae671:0x34a06070af264727,
Mother Roaster Talat Noi,,https://www.google.com/maps/place/Mother+Roaster+Talat+Noi/data=!4m2!3m1!1s0x30e299ac4118b4d5:0x546e8781004b98a6,
JJAN Korean Gastropub,Known for their anju ,https://www.google.com/maps/place/JJAN+Korean+Gastropub/data=!4m2!3m1!1s0x80c2b881c1e423e7:0x5303d95d058e06bc,
永香冰室,HK local tour guide recommended ,https://www.google.com/maps/place/%E6%B0%B8%E9%A6%99%E5%86%B0%E5%AE%A4/data=!4m2!3m1!1s0x340400d7a76695ab:0xc8d5ac5c3e3633cc,
Punjab Sweets,,https://www.google.com/maps/place/Punjab+Sweets/data=!4m2!3m1!1s0x30e2991964ce5c23:0x5bcc44fc6b492834,
ข้าวราดแกงวราภรณ์,"Thai curry, only open for breakfast",https://www.google.com/maps/place/%E0%B8%82%E0%B9%89%E0%B8%B2%E0%B8%A7%E0%B8%A3%E0%B8%B2%E0%B8%94%E0%B9%81%E0%B8%81%E0%B8%87%E0%B8%A7%E0%B8%A3%E0%B8%B2%E0%B8%A0%E0%B8%A3%E0%B8%93%E0%B9%8C/data=!4m2!3m1!1s0x30e2996e3e546c5d:0x8556deec5bd7921f,
Hot Pot Icecream Yotse,,https://www.google.com/maps/place/Hot+Pot+Icecream+Yotse/data=!4m2!3m1!1s0x30e2993b0e4471cf:0xd1bd19f11e02b318,
Nhong Rim Klong,Crab omelet ,https://www.google.com/maps/place/Nhong+Rim+Klong/data=!4m2!3m1!1s0x30e29f72cd85f66b:0x1b91d2763b6a91bd,
Fah Fried Chicken,,https://www.google.com/maps/place/Fah+Fried+Chicken/data=!4m2!3m1!1s0x30e299de70cbbad1:0xfd36bf9697041df4,
Nang Loeng Market,"Foodie stalls, morning market",https://www.google.com/maps/place/Nang+Loeng+Market/data=!4m2!3m1!1s0x30e29940b12130e7:0xade86064ea57c64c,
MBK Food Legends,,https://www.google.com/maps/place/MBK+Food+Legends/data=!4m2!3m1!1s0x30e29ed2a9b23f65:0xe84e371c3a19c2ba,
Mae Klong Hua Pla Mo Fai,"Michelin recommended seafood, crab omelette",https://www.google.com/maps/place/Mae+Klong+Hua+Pla+Mo+Fai/data=!4m2!3m1!1s0x30e29777f56a8471:0xd03c37d3c56d43d1,
Yim Yim,"Authentic teochew cuisine, unchanged from when it opened decades ago. Dishes that's even hard to get in Chaozhou now",https://www.google.com/maps/place/Yim+Yim/data=!4m2!3m1!1s0x30e29921c7a167c3:0x70fc2a54788353d7,
Ki'son Roasted Goose,Lucas Sin's rec for roasted goose,https://www.google.com/maps/place/Ki'son+Roasted+Goose/data=!4m2!3m1!1s0x3404018fba29aa8b:0x454200394604a07,
Cheung Hing Coffee Shop,A bit more bougie take on cha chaan teng,https://www.google.com/maps/place/Cheung+Hing+Coffee+Shop/data=!4m2!3m1!1s0x3404004e9bb629d9:0x500cf71b707ddcd,
Taiwan Beef Noodles · Chicken Soup,Beef noodle soup featured by Lucas Sin in Street Eats,https://www.google.com/maps/place/Taiwan+Beef+Noodles+%C2%B7+Chicken+Soup/data=!4m2!3m1!1s0x3442abdb4423942f:0x232f9d5218cd3a6a,
Zhongshuijiao,,https://www.google.com/maps/place/Zhongshuijiao/data=!4m2!3m1!1s0x36efc5216443129f:0x65dc612988e9caac,
National Museum Bangkok,,https://www.google.com/maps/place/National+Museum+Bangkok/data=!4m2!3m1!1s0x30e2990cc24b766d:0x55fea5dec504fd3b,
Nueng Nom Nua (Banthat Thong),Chocolate Charcoal Toast with Pandan Kaya Dip,https://www.google.com/maps/place/Nueng+Nom+Nua+(Banthat+Thong)/data=!4m2!3m1!1s0x30e29919fb50ec5b:0x50e81351f10c270d,
June Pang,shokupan toast,https://www.google.com/maps/place/June+Pang/data=!4m2!3m1!1s0x30e29959368e6e63:0xdde292177c6d87d6,
Black Sesame House by Sweet Circle,,https://www.google.com/maps/place/Black+Sesame+House+by+Sweet+Circle/data=!4m2!3m1!1s0x30e299f34684f22f:0x3529fe0c5253d1d7,
Pa Nee Kung Chae Nam Pla,Kung Chae Nam Pla (shrimp in fish sauce).,https://www.google.com/maps/place/Pa+Nee+Kung+Chae+Nam+Pla/data=!4m2!3m1!1s0x30e299ba2a3fc389:0xd8552949491c7292,
HAAB.BKK Bantadthong - ขนมไข่สงขลา เจ้าดังบรรทัดทอง,"Thai egg pastries, kanom kai",https://www.google.com/maps/place/HAAB.BKK+Bantadthong+-+%E0%B8%82%E0%B8%99%E0%B8%A1%E0%B9%84%E0%B8%82%E0%B9%88%E0%B8%AA%E0%B8%87%E0%B8%82%E0%B8%A5%E0%B8%B2+%E0%B9%80%E0%B8%88%E0%B9%89%E0%B8%B2%E0%B8%94%E0%B8%B1%E0%B8%87%E0%B8%9A%E0%B8%A3%E0%B8%A3%E0%B8%97%E0%B8%B1%E0%B8%94%E0%B8%97%E0%B8%AD%E0%B8%87/data=!4m2!3m1!1s0x30e299442475f465:0xbbf75398357d901e,
Dongzi Kouzhang Lao'er Liangfen,Sweetwater noodles tian shui mian,https://www.google.com/maps/place/Dongzi+Kouzhang+Lao'er+Liangfen/data=!4m2!3m1!1s0x36efdacb4ad090f3:0xb5baa269440f9f1b,
Ho'o Hui - The Gathering Place,,https://www.google.com/maps/place/Ho'o+Hui+-+The+Gathering+Place/data=!4m2!3m1!1s0x795406d27d1889eb:0x37f1e211277346f9,
Curry Leaves Bistro,,https://www.google.com/maps/place/Curry+Leaves+Bistro/data=!4m2!3m1!1s0x808febd8de3034d5:0x4378574b51967933,
Tuyết Bún Chả 34,,https://www.google.com/maps/place/Tuy%E1%BA%BFt+B%C3%BAn+Ch%E1%BA%A3+34/data=!4m2!3m1!1s0x3135abaf1da7b7af:0x767aa83a09e92b6e,
Quán Cháo Trai,,https://www.google.com/maps/place/Qu%C3%A1n+Ch%C3%A1o+Trai/data=!4m2!3m1!1s0x3135abf2f2aa0ee9:0xdbd4863fb54af14b,
Ryoku Cafe,,https://www.google.com/maps/place/Ryoku+Cafe/data=!4m2!3m1!1s0x30e29d390851df6b:0x6bcb2db036c49bbf,
Lan Fong Yuen,,https://www.google.com/maps/place/Lan+Fong+Yuen/data=!4m2!3m1!1s0x3404007b6fb3ed51:0x3f55838a3a330da3,
Kam's Roast Goose,,https://www.google.com/maps/place/Kam's+Roast+Goose/data=!4m2!3m1!1s0x3404005ba1a3cb7b:0x954356b5e53b3505,
Bing Kee Cha Dong,,https://www.google.com/maps/place/Bing+Kee+Cha+Dong/data=!4m2!3m1!1s0x340401ab45c1ad5d:0x1885489acb0739ad,
Big JJ Seafood Hotpot,Hot pot where they handmake all the ingredients,https://www.google.com/maps/place/Big+JJ+Seafood+Hotpot/data=!4m2!3m1!1s0x340401ecded99b1b:0xc18d0ba1a922867e,
Oi Man Sang,"Dai Pai Dong (big license stall), seafood street food",https://www.google.com/maps/place/Oi+Man+Sang/data=!4m2!3m1!1s0x340400b6a90131ad:0x89d323b31d524ac7,
Sister Wah Beef Brisket,,https://www.google.com/maps/place/Sister+Wah+Beef+Brisket/data=!4m2!3m1!1s0x3404005554dd3513:0x79b611ab7fd021ac,
Luang Prabang,,https://www.google.com/maps/place/Luang+Prabang/data=!4m2!3m1!1s0x312f2a3f413d1ba3:0xac9749a9608e6a56,
Kai Kai Dessert,,https://www.google.com/maps/place/Kai+Kai+Dessert/data=!4m2!3m1!1s0x13ff465cfe3b1415:0xeed851ac7ed49514,
Sun King Yuen Curry Restaurant,curry pork chop,https://www.google.com/maps/place/Sun+King+Yuen+Curry+Restaurant/data=!4m2!3m1!1s0x3404005ca52615bb:0xfd990400e92e0534,
Lunette,Features on chefs table ,https://www.google.com/maps/place/Lunette/data=!4m2!3m1!1s0x808581007982bf85:0xdc156dac94769a76,
Pingyao,,https://www.google.com/maps/place/Pingyao/data=!4m2!3m1!1s0x36750a69fc81187f:0xeaf4b4528d55f07e,
Yogyakarta,"Temples, hiking, still pretty modern",https://www.google.com/maps/place/Yogyakarta/data=!4m2!3m1!1s0x2e7a5787bd5b6bc5:0x21723fd4d3684f71,
Hua Takhe Old Market,,https://www.google.com/maps/place/Hua+Takhe+Old+Market/data=!4m2!3m1!1s0x311d6632a63211d5:0xf694e6269388bc48,
Hing Kee Restaurant,,https://www.google.com/maps/place/Hing+Kee+Restaurant/data=!4m2!3m1!1s0x340400c05733e8f3:0x6bd784ed56b0a43e,
Kalamansi kafe,Filipino food,https://www.google.com/maps/place/Kalamansi+kafe/data=!4m2!3m1!1s0x30e29f20ad820e07:0xc64a5cee2cd270e3,
Kwan-Riam Floating Market,Give alms to the monks,https://www.google.com/maps/place/Kwan-Riam+Floating+Market/data=!4m2!3m1!1s0x311d6475f406c217:0xc07d19edcb1c138f,
Nok Kraton Sing Shop,santol fruit,https://www.google.com/maps/place/Nok+Kraton+Sing+Shop/data=!4m2!3m1!1s0x30e280c924da31e1:0x8bb7aa59f491b0fe,
Taling Pling Sukhumvit 34,,https://www.google.com/maps/place/Taling+Pling+Sukhumvit+34/data=!4m2!3m1!1s0x30e29f070c63e9cb:0xb9cf375747c47070,
Benjarong Bangkok - Baan Dusit Thani,,https://www.google.com/maps/place/Benjarong+Bangkok+-+Baan+Dusit+Thani/data=!4m2!3m1!1s0x30e2993a67658f9f:0xeeb3a6b5a674c4b0,
Issaya Siamese Club,,https://www.google.com/maps/place/Issaya+Siamese+Club/data=!4m2!3m1!1s0x30e29f3d640b7909:0xd9b22f7e4b871fa2,
Tuang Dim Sum,,https://www.google.com/maps/place/Tuang+Dim+Sum/data=!4m2!3m1!1s0x30e298be6737151f:0xa726306b0a12eb16,
Gülhane Şark Sofrası,,https://www.google.com/maps/place/G%C3%BClhane+%C5%9Eark+Sofras%C4%B1/data=!4m2!3m1!1s0x14cac8f5da1be9bf:0x2cde93a2af68367f,
200 Gradi,,https://www.google.com/maps/place/200+Gradi/data=!4m2!3m1!1s0x132f606149b75669:0xdb30ae315bc790a0,
Hop Yik Tai,Breakfast,https://www.google.com/maps/place/Hop+Yik+Tai/data=!4m2!3m1!1s0x340400b37af466a3:0x3e9ed02065c1365,
Liuyang,"Producer of fireworks, famous for its weekly fireworks show",https://www.google.com/maps/place/Liuyang/data=!4m2!3m1!1s0x3426c7c9f2acd245:0xafeb69c605dcf834,
Trapizzino | Trastevere,"
Popular for some sandwich they do take away",https://www.google.com/maps/place/Trapizzino+%7C+Trastevere/data=!4m2!3m1!1s0x132f6047a4202f85:0x764672d7a398ae61,
Basilica of Sant’Agostino in Campo Marzio,,https://www.google.com/maps/place/Basilica+of+Sant%E2%80%99Agostino+in+Campo+Marzio/data=!4m2!3m1!1s0x132f605056bbbf59:0x57d6257c62df6f89,
Beyti,,https://www.google.com/maps/place/Beyti/data=!4m2!3m1!1s0x14caa3b6a5ef8647:0x37ef2c53a092be62,
Basilica of San Pietro in Vincoli,,https://www.google.com/maps/place/Basilica+of+San+Pietro+in+Vincoli/data=!4m2!3m1!1s0x132f61b11e2931f5:0x323bdc76e4abd430,
Baan Pee Lek Restaurant,"Step into this hidden sidewalk restaurant in Prawet and you'll find a dining room decorated with vintage European woodwork. The menu features dishes you won't find anywhere else, and features specialties from the owner's hometowns of Chiang Mai and Bangkok. Recommended dishes include dry-fried beef massaman curry, Luang Prabang salad, and minced pork with salted fish.",https://www.google.com/maps/place/Baan+Pee+Lek+Restaurant/data=!4m2!3m1!1s0x311d5fd79a45dfdd:0x36090926dc5d4d0b,
Ongtong Khaosoi Ari Branch,,https://www.google.com/maps/place/Ongtong+Khaosoi+Ari+Branch/data=!4m2!3m1!1s0x30e29c1d97b7694f:0x166492c07fae387f,
Zübeyir Ocakbaşı/Taksim,,https://www.google.com/maps/place/Z%C3%BCbeyir+Ocakba%C5%9F%C4%B1%2FTaksim/data=!4m2!3m1!1s0x14caa1a41c667939:0x4b0015036a486a8b,
Siirt Şeref Buryan1892,,https://www.google.com/maps/place/Siirt+%C5%9Eeref+Buryan1892/data=!4m2!3m1!1s0x14cab9e43a49239d:0xdfe633f168e01444,
Parco degli Acquedotti,,https://www.google.com/maps/place/Parco+degli+Acquedotti/data=!4m2!3m1!1s0x132589dc7d914919:0x5f4eeb7a244a15b6,
Siam Square,"Buskers, like Hongdae vibe",https://www.google.com/maps/place/Siam+Square/data=!4m2!3m1!1s0x30e29f2a0551e5f9:0xa8864ee239de9339,
Kurtuluş,,https://www.google.com/maps/place/Kurtulu%C5%9F/data=!4m2!3m1!1s0x14cab704ca09d42f:0x610e72264ecc8f31,
Antico Caffè Greco,,https://www.google.com/maps/place/Antico+Caff%C3%A8+Greco/data=!4m2!3m1!1s0x132f60550f01ddd9:0x748136695852d635,
Cantina e Cucina,,https://www.google.com/maps/place/Cantina+e+Cucina/data=!4m2!3m1!1s0x132f604568d4a29f:0x536cf83571d46791,
Frigidarium,,https://www.google.com/maps/place/Frigidarium/data=!4m2!3m1!1s0x132f604517b66b91:0xde0b80504f7164f,
Osteria da Fortunata,Multiple locations,https://www.google.com/maps/place/Osteria+da+Fortunata/data=!4m2!3m1!1s0x132f60458de1f227:0xe393531b25d31389,
Tonnarello | Paglia,,https://www.google.com/maps/place/Tonnarello+%7C+Paglia/data=!4m2!3m1!1s0x132f603881103955:0x40ce99886a2ccd58,
Nannarella,,https://www.google.com/maps/place/Nannarella/data=!4m2!3m1!1s0x132f61e8881c2df3:0x219e0ff8b9b1ba94,
Felice a Testaccio | ROMA,,https://www.google.com/maps/place/Felice+a+Testaccio+%7C+ROMA/data=!4m2!3m1!1s0x132f602e1030f0d7:0x6d469348f8fc572c,
Tarihi Şahin Lokantası,Worker's lunch,https://www.google.com/maps/place/Tarihi+%C5%9Eahin+Lokantas%C4%B1/data=!4m2!3m1!1s0x14cab9e065907e0d:0x935e569410d1eb65,
Vesper,,https://www.google.com/maps/place/Vesper/data=!4m2!3m1!1s0x30e29f2c415e8937:0x278e9188402d6d1c,
Puyai Lee Restaurant,"thai curry, good for breakfast",https://www.google.com/maps/place/Puyai+Lee+Restaurant/data=!4m2!3m1!1s0x30e29919fa1eb847:0x15ceb51f30592b4,
Auf der Au Garden Germany buffet,German buffet ,https://www.google.com/maps/place/Auf+der+Au+Garden+Germany+buffet/data=!4m2!3m1!1s0x30da3a83389de4ff:0x91876f5f36dd3b72,
BACCARAT,Exclusive club,https://www.google.com/maps/place/BACCARAT/data=!4m2!3m1!1s0x30e29f0ab91b9f6f:0x920287246f034a16,
Phra Nakhon Si Ayutthaya,,https://www.google.com/maps/place/Phra+Nakhon+Si+Ayutthaya/data=!4m2!3m1!1s0x30e275daaebc8f83:0x47c36f90a7ff2b19,
Siargao Island,,https://www.google.com/maps/place/Siargao+Island/data=!4m2!3m1!1s0x3304043652d9e9b3:0xd4c56a60c9a11b84,
Siquijor,,https://www.google.com/maps/place/Siquijor/data=!4m2!3m1!1s0x33ab17cb6e359825:0x4408a8be27aeca0c,
El Nido,,https://www.google.com/maps/place/El+Nido/data=!4m2!3m1!1s0x33b65515ef5c9e0f:0xfc4e665b599b0455,
Suda Restaurant,,https://www.google.com/maps/place/Suda+Restaurant/data=!4m2!3m1!1s0x30e29ee3aef66a1d:0x20c2c8ffb5e82ab3,
Gongdid Design,Pleats store,https://www.google.com/maps/place/Gongdid+Design/data=!4m2!3m1!1s0x30e299e559c19aef:0x933deeb589213d0e,
Bamee Prab Sien Charoen Krung 1,Chinese noodles,https://www.google.com/maps/place/Bamee+Prab+Sien+Charoen+Krung+1/data=!4m2!3m1!1s0x30e2993e03a1a7b9:0x662b2c2de65ce44,
Pe Aor Tom Yum Kung Noodle,,https://www.google.com/maps/place/Pe+Aor+Tom+Yum+Kung+Noodle/data=!4m2!3m1!1s0x30e29935153a6db1:0x3538b7e483d9822c,
Teens of Thailand,,https://www.google.com/maps/place/Teens+of+Thailand/data=!4m2!3m1!1s0x30e29926be6c2047:0x1284b4ea344fbf8f,
Hong Huad Ice Cream,,https://www.google.com/maps/place/Hong+Huad+Ice+Cream/data=!4m2!3m1!1s0x30e298d8e66abeaf:0x9011e161deabfaee,
Bangkok Art and Culture Centre,,https://www.google.com/maps/place/Bangkok+Art+and+Culture+Centre/data=!4m2!3m1!1s0x30e29ecd506f6c7d:0x1ed0028ba796150b,
Lao Xi Noodle House,"Unique Shanxi noodles, get the wife’s special noodles",https://www.google.com/maps/place/Lao+Xi+Noodle+House/data=!4m2!3m1!1s0x80c2dba4bec9b25f:0xf9f36bf951d7aa9c,
Sorn,3 Michelin star,https://www.google.com/maps/place/Sorn/data=!4m2!3m1!1s0x30e29f05dd09f659:0xc0ee0ab9bfd7eaf5,
The Sandwich Place,,https://www.google.com/maps/place/The+Sandwich+Place/data=!4m2!3m1!1s0x808f7e23721c5911:0x1c8aa202b6a51530,
Bar La Sucreria,Huge random menu,https://www.google.com/maps/place/Bar+La+Sucreria/data=!4m2!3m1!1s0x129e0f9754453a33:0x8c7af857d8eb750e,
,"Cash only, crispy duck and soup",https://www.google.com/maps/place//data=!4m2!3m1!1s0x808580f24eae4007:0xa453b50042ecc538,
Ottolenghi Islington,,https://www.google.com/maps/place/Ottolenghi+Islington/data=!4m2!3m1!1s0x48761b66f3a05861:0x33e90049b2e0ac8b,
Sobakatsu,,https://www.google.com/maps/place/Sobakatsu/data=!4m2!3m1!1s0x808581003487809f:0xadda8bd3d2afc063,
Darjeeling Express,,https://www.google.com/maps/place/Darjeeling+Express/data=!4m2!3m1!1s0x487604d50f68d079:0x962285678cf1479c,
Regency Cafe,,https://www.google.com/maps/place/Regency+Cafe/data=!4m2!3m1!1s0x487604dd8061aee7:0x9fb87b86a09b1332,
Blacklock Shoreditch,,https://www.google.com/maps/place/Blacklock+Shoreditch/data=!4m2!3m1!1s0x48761d38864588e3:0x6678ffd56a8af674,
AGORA souvla bar,,https://www.google.com/maps/place/AGORA+souvla+bar/data=!4m2!3m1!1s0x48760355467ce93b:0x1aeee3ddc86c07b5,
Satan's Whiskers,"Taxidermies, Jade’s rec ",https://www.google.com/maps/place/Satan's+Whiskers/data=!4m2!3m1!1s0x48761cdb74a3d17f:0x3a88fa1617bd2f3e,
The Dusty Knuckle Bakery,,https://www.google.com/maps/place/The+Dusty+Knuckle+Bakery/data=!4m2!3m1!1s0x48761c8dee275939:0x40791652767d2607,
Beigel Bake,,https://www.google.com/maps/place/Beigel+Bake/data=!4m2!3m1!1s0x48761dad861a488d:0xc9e1e09acd76b50c,
The Mayor of Scaredy Cat Town,,https://www.google.com/maps/place/The+Mayor+of+Scaredy+Cat+Town/data=!4m2!3m1!1s0x48761cb3bd814cf3:0x35f642aa1d1eac9b,
Cahoots Underground,,https://www.google.com/maps/place/Cahoots+Underground/data=!4m2!3m1!1s0x487604d507ab69fb:0xbbfbc270f421a878,
Bar Termini,Known for Negronis ,https://www.google.com/maps/place/Bar+Termini/data=!4m2!3m1!1s0x487604d2987133ef:0x18568082574f9ffb,
De Vine,,https://www.google.com/maps/place/De+Vine/data=!4m2!3m1!1s0x4876034b8f3b8dfb:0x820f54772faa9fea,
The Wolseley,"Breakfast or lunch, Spring's and James O'Neill's rec",https://www.google.com/maps/place/The+Wolseley/data=!4m2!3m1!1s0x4876052f571cfeaf:0x5350dedd3b5bb322,
Marylebone High St,"Spring's rec, good for shopping",https://www.google.com/maps/place/Marylebone+High+St/data=!4m2!3m1!1s0x48761ad268c3f3f1:0xd88f6373830b3c2e,
Columbia Road Flower Market,"Spring's rec, open on Sundays only",https://www.google.com/maps/place/Columbia+Road+Flower+Market/data=!4m2!3m1!1s0x48761cb35fc4ef51:0xdbbae99319852b53,
Layla Bakery,,https://www.google.com/maps/place/Layla+Bakery/data=!4m2!3m1!1s0x487611148abd395d:0xe70a99dc5a334985,
Cromwell Place Café,"Spring's rec, good WFH spot",https://www.google.com/maps/place/Cromwell+Place+Caf%C3%A9/data=!4m2!3m1!1s0x487605434d9c859b:0x51601892bdd21a70,
Pophams Home & Pantry,,https://www.google.com/maps/place/Pophams+Home+%26+Pantry/data=!4m2!3m1!1s0x48761b71451e7a91:0xf421a5915d112b13,
Sessions Arts Club,Spring's rec,https://www.google.com/maps/place/Sessions+Arts+Club/data=!4m2!3m1!1s0x48761b03660fcde5:0xb606de409a3692ee,
manteca,Spring's rec,https://www.google.com/maps/place/manteca/data=!4m2!3m1!1s0x487605af3a2cdb1b:0xa231cb4af8b93b19,
Little Duck The Picklery,Spring's rec,https://www.google.com/maps/place/Little+Duck+The+Picklery/data=!4m2!3m1!1s0x48761cf2a504f6ed:0x8352c18957549191,
STRAKER'S,Spring's rec,https://www.google.com/maps/place/STRAKER'S/data=!4m2!3m1!1s0x48761133abe90753:0xb014d965de61ff0e,
Pophams,Spring's rec,https://www.google.com/maps/place/Pophams/data=!4m2!3m1!1s0x48761b606577a8e9:0x23af144d10218a9c,
The 10 Cases,James O'Neill's rec,https://www.google.com/maps/place/The+10+Cases/data=!4m2!3m1!1s0x487604ccb114da1b:0xc889cfb913c5d77f,
Legare,James O'Neill's rec,https://www.google.com/maps/place/Legare/data=!4m2!3m1!1s0x4876032166e26421:0x79c1c38cf9311d8,
Maison François,James O'Neill's rec,https://www.google.com/maps/place/Maison+Fran%C3%A7ois/data=!4m2!3m1!1s0x487604d65714a58f:0x9660b520db449d57,
Bocca di Lupo,James O'Neill's rec,https://www.google.com/maps/place/Bocca+di+Lupo/data=!4m2!3m1!1s0x487604d39a05c17d:0x4a3aa39eed0f9cf6,
Hoppers,James O'Neill's rec,https://www.google.com/maps/place/Hoppers/data=!4m2!3m1!1s0x48761ad2c3d07d09:0xd8bdb2efdca543e9,
Social Eating House,James' rec,https://www.google.com/maps/place/Social+Eating+House/data=!4m2!3m1!1s0x487604d4c0e3a357:0xd4b0e3215603abf7,
"Petersham Nurseries Restaurant, Richmond",,"https://www.google.com/maps/place/Petersham+Nurseries+Restaurant,+Richmond/data=!4m2!3m1!1s0x48760da1ef8f193f:0x9f500a1d4f1906d7",
Shizen,Vegan sushi and ramen,https://www.google.com/maps/place/Shizen/data=!4m2!3m1!1s0x808f7e21a0ce5121:0xc098d695dbb20e9f,
Ondam,,https://www.google.com/maps/place/Ondam/data=!4m2!3m1!1s0x808fcbeedef15ce5:0xbd2e4786d06702f,
Andytown Coffee Roasters,,https://www.google.com/maps/place/Andytown+Coffee+Roasters/data=!4m2!3m1!1s0x808587f1d2686b21:0x8af83bb35c2a4ad6,
Mama's Luncheonette,,https://www.google.com/maps/place/Mama's+Luncheonette/data=!4m2!3m1!1s0x808581ca5f3ee78d:0x547abf71546b0c8,
Sweet Glory on Inner Sunset,Desert shop,https://www.google.com/maps/place/Sweet+Glory+on+Inner+Sunset/data=!4m2!3m1!1s0x8085873036125c33:0x9ff2d6936e98e8b6,
The Center SF,"Tea bar, third space",https://www.google.com/maps/place/The+Center+SF/data=!4m2!3m1!1s0x808580a46b37a939:0x70e518cd801d4aa7,
Big Baba Eats,Chopped cheese,https://www.google.com/maps/place/Big+Baba+Eats/data=!4m2!3m1!1s0x808f7dae21b5b525:0xd8c78fc2eef12a0d,
Upcider,,https://www.google.com/maps/place/Upcider/data=!4m2!3m1!1s0x8085809441046453:0xd59c2f49a9553ad0,
Mr. Tipple's Jazz Club,,https://www.google.com/maps/place/Mr.+Tipple's+Jazz+Club/data=!4m2!3m1!1s0x8085809ea7ae3f8d:0xfd07c446f2b087ca,
Stable Cafe,,https://www.google.com/maps/place/Stable+Cafe/data=!4m2!3m1!1s0x808f7e3ad9e32f0d:0x853feb5942aa54c7,
Arsicault Bakery,Croissants,https://www.google.com/maps/place/Arsicault+Bakery/data=!4m2!3m1!1s0x80858739f45d4f27:0x2f0b49df0ee8b492,
Bauhaus Warehouse,Sister bar to Bar with Shapes for a Name,https://www.google.com/maps/place/Bauhaus+Warehouse/data=!4m2!3m1!1s0x48761d0059f95fad:0xe2b95f145f8bb3ee,
A Bar with Shapes for a Name,,https://www.google.com/maps/place/A+Bar+with+Shapes+for+a+Name/data=!4m2!3m1!1s0x48761d62f3361eaf:0x4008bf508ccde14d,
Rosario's Tacos,"Birria, surf and turf tacos",https://www.google.com/maps/place/Rosario's+Tacos/data=!4m2!3m1!1s0x808e336a56e0bf09:0xe1f6643f91c9a91f,
Still O.G. & Alter Ego Cocktail Club,"burger, cocktails, live dj",https://www.google.com/maps/place/Still+O.G.+%26+Alter+Ego+Cocktail+Club/data=!4m2!3m1!1s0x808fccbca5280ea5:0xd5213324885c7d4c,
La Ciccia,,https://www.google.com/maps/place/La+Ciccia/data=!4m2!3m1!1s0x808f7e686375d373:0xfb3a341511914d68,
SinBala,Tian’s rec,https://www.google.com/maps/place/SinBala/data=!4m2!3m1!1s0x80c2dbbab3da0891:0xe2cd338a6d857ebc,
Cafecito Organico Silver Lake,,https://www.google.com/maps/place/Cafecito+Organico+Silver+Lake/data=!4m2!3m1!1s0x80c2c742510c5819:0xeb0bec6c17fea43c,
Sun Nong Dan,,https://www.google.com/maps/place/Sun+Nong+Dan/data=!4m2!3m1!1s0x80c2b926234724bd:0x3e9d47f1fe6bf53f,
Natalee Thai,,https://www.google.com/maps/place/Natalee+Thai/data=!4m2!3m1!1s0x80c2b95b6dcabaf5:0x447a04753bb77781,
Tayēr + Elementary,Worlds 50 Best Bars top 10,https://www.google.com/maps/place/Tay%C4%93r+%2B+Elementary/data=!4m2!3m1!1s0x48761d1f3e98bd3f:0x42807f9a780e031c,
Galinette,,https://www.google.com/maps/place/Galinette/data=!4m2!3m1!1s0x808f7dedf03fe71b:0x17fd64f3e7cec6c1,
Korean Spring BBQ,"Mom and pop run, charcoal bbq. Open till midnight most days",https://www.google.com/maps/place/Korean+Spring+BBQ/data=!4m2!3m1!1s0x808fca6e9c79395f:0x4c63d1d6822c94d8,
Friends & Family,Alex Groh,https://www.google.com/maps/place/Friends+%26+Family/data=!4m2!3m1!1s0x808f8166edf72075:0x71e7d96636ebed31,
Pagan Idol,"Casey Feldman. 3 distinct areas, very big space ",https://www.google.com/maps/place/Pagan+Idol/data=!4m2!3m1!1s0x80858089854340cb:0xc980e99fe4e370f4,
Jeong Yuk Jeom Korean BBQ LA,Fancy Korean bbq,https://www.google.com/maps/place/Jeong+Yuk+Jeom+Korean+BBQ+LA/data=!4m2!3m1!1s0x80c2b98ca4585609:0x50d0cad5b7bbdf9c,
Fikscue Craft BBQ,American BBQ with Indonesian additions,https://www.google.com/maps/place/Fikscue+Craft+BBQ/data=!4m2!3m1!1s0x808f87605b3c5617:0x775ca0a05a2714e3,
Wooga Korean BBQ,,https://www.google.com/maps/place/Wooga+Korean+BBQ/data=!4m2!3m1!1s0x808fb500354ba339:0x1e756889cfda36bf,
El Mora,Tomahawk steak,https://www.google.com/maps/place/El+Mora/data=!4m2!3m1!1s0x4786c1ba15698003:0xae1e52004af1efb2,
L'Entrecôte de Paris,,https://www.google.com/maps/place/L'Entrec%C3%B4te+de+Paris/data=!4m2!3m1!1s0x47e66fc47e425811:0x4dfebe67c8ccb344,
BUBU,8:30-9:30 happy hour,https://www.google.com/maps/place/BUBU/data=!4m2!3m1!1s0x80858100115a112f:0x9229539a7f8a46ed,
Che Fico,,https://www.google.com/maps/place/Che+Fico/data=!4m2!3m1!1s0x808580b04c6f5f6b:0x1b696f519a355c,
Fish Cheeks,,https://www.google.com/maps/place/Fish+Cheeks/data=!4m2!3m1!1s0x89c259853cdfce81:0x9fddf144feac940,
Local's Fitness,,https://www.google.com/maps/place/Local's+Fitness/data=!4m2!3m1!1s0x808587f030f36bef:0xcc899ade91b49005,
Hotpot Champ,Hot pot open till 2am on Fri and Sat. They have a late night menu,https://www.google.com/maps/place/Hotpot+Champ/data=!4m2!3m1!1s0x8085812db1b693f5:0x521cf47c2ebcf6be,
Troya Restaurant,,https://www.google.com/maps/place/Troya+Restaurant/data=!4m2!3m1!1s0x808580c6361f4765:0x1769b09841fb8667,
Delah Coffee,"2nd location of Delah coffee, you’ve been to the first one in SoMa",https://www.google.com/maps/place/Delah+Coffee/data=!4m2!3m1!1s0x80858173c72935df:0x5c3a56f06e47ee53,
Gus's,Local grocery chain. Also they serve great sandwiches,https://www.google.com/maps/place/Gus's/data=!4m2!3m1!1s0x80858753253b1707:0x4b7232e7a1b615fd,
El Xampanyet,,https://www.google.com/maps/place/El+Xampanyet/data=!4m2!3m1!1s0x12a4a2fe8bb2db47:0x7c0703c76612adb8,
Sam Wo Restaurant,"Iconic restaurant, known for its famously rude waiter. Get their bbq pork roll with hot mustard",https://www.google.com/maps/place/Sam+Wo+Restaurant/data=!4m2!3m1!1s0x8085808b53592629:0xccfb628983ec9e4b,
Moongate Lounge,,https://www.google.com/maps/place/Moongate+Lounge/data=!4m2!3m1!1s0x808581d94c5849a5:0x1e29629075d9a713,
Cotogna,Offshoot of Quince,https://www.google.com/maps/place/Cotogna/data=!4m2!3m1!1s0x808580f5182f4603:0x355bdd340d9a7979,
Esther's Kitchen & Beer Garden,Only open for lunch,https://www.google.com/maps/place/Esther's+Kitchen+%26+Beer+Garden/data=!4m2!3m1!1s0x808fba094819a829:0xf2e5e47ae65f2638,
Kunjip Tofu,,https://www.google.com/maps/place/Kunjip+Tofu/data=!4m2!3m1!1s0x808fb10003a9a597:0xe41f61b5ba1b2f19,
Shugetsu,"Grills pork over charcoal, get the dipping ramen",https://www.google.com/maps/place/Shugetsu/data=!4m2!3m1!1s0x808f9f78843d9041:0x9947ca5041a56b26,
Manny’s,,https://www.google.com/maps/place/Manny%E2%80%99s/data=!4m2!3m1!1s0x808f7fbca72c2553:0xa26a4d14f1af0f2b,
Rick & Roxy's,,https://www.google.com/maps/place/Rick+%26+Roxy's/data=!4m2!3m1!1s0x8085816a28eb480f:0x7811fed375d34568,
Nari,Nicole rec,https://www.google.com/maps/place/Nari/data=!4m2!3m1!1s0x80858166f369ff09:0xf1e90a1ba1488942,
The Progress,Nicole’s rec. get the duck and the beans,https://www.google.com/maps/place/The+Progress/data=!4m2!3m1!1s0x808580b9a3e835f3:0xd1e4dd4d58be86b6,
Bar Iris,Nicole and Vanessa’s rec. good first date spot,https://www.google.com/maps/place/Bar+Iris/data=!4m2!3m1!1s0x8085819f15517143:0x2a857a73397a1bdd,
Left Door,Nicole’s recommendation. Go for the bar,https://www.google.com/maps/place/Left+Door/data=!4m2!3m1!1s0x8085814f2ad3f141:0x78ee1acc2c5efbcf,
15 Romolo,Classic SF bar. Get the Pimms Cup ,https://www.google.com/maps/place/15+Romolo/data=!4m2!3m1!1s0x808580f46ffba159:0xb2849a72c4319c21,
Blondie's Bar,Dancing. Cheap drinks but cash only,https://www.google.com/maps/place/Blondie's+Bar/data=!4m2!3m1!1s0x808f7e22583d8647:0x5f66042870a1ebe2,
Butter,,https://www.google.com/maps/place/Butter/data=!4m2!3m1!1s0x808f7e262f3caabd:0x1990bb2f6c360c43,
Flour + Water Pizzeria,Casual-focused pizzeria from Flour + Water,https://www.google.com/maps/place/Flour+%2B+Water+Pizzeria/data=!4m2!3m1!1s0x8085815c53ce8249:0x602e83bf3c446ff2,
Emmy's Spaghetti Shack,Has a late night menu,https://www.google.com/maps/place/Emmy's+Spaghetti+Shack/data=!4m2!3m1!1s0x808f7e432ab6737f:0x50abffedc7404ccf,
ROOH SF,,https://www.google.com/maps/place/ROOH+SF/data=!4m2!3m1!1s0x808580787b995e7f:0x48f12b30cd7c8cdd,
Pea Soup Andersen's,,https://www.google.com/maps/place/Pea+Soup+Andersen's/data=!4m2!3m1!1s0x809184cc677a8ac3:0xb19e87077ed04dbc,
Ko,"Very cheap all you can eat sushi, go alone for best chances of getting seated",https://www.google.com/maps/place/Ko/data=!4m2!3m1!1s0x808f7f0049e98fb7:0xd26ccee24fdc3143,
Embrace Luck,"Highly regional Shanghainese restaurant, pricier",https://www.google.com/maps/place/Embrace+Luck/data=!4m2!3m1!1s0x808fb72b25e143ff:0xb5e73ec3d4630d5a,
White Rabbit Bar,,https://www.google.com/maps/place/White+Rabbit+Bar/data=!4m2!3m1!1s0x808580d09cb46431:0xe43c0ef3405c5eb7,
Westwood,,https://www.google.com/maps/place/Westwood/data=!4m2!3m1!1s0x80858132cf6e1059:0x91f90d9c7c6d1619,
Jjukku Jjukku BBQ,,https://www.google.com/maps/place/Jjukku+Jjukku+BBQ/data=!4m2!3m1!1s0x80c2c77da133cdc1:0x2ffad1d008da9502,
Eight Korean BBQ,Give pork belly in 8 different flavors,https://www.google.com/maps/place/Eight+Korean+BBQ/data=!4m2!3m1!1s0x80c2b8860c42e68d:0xc6853fa6793251b4,
Shuggie’s Trash Pie + Natural Wine,Weird ass interior,https://www.google.com/maps/place/Shuggie%E2%80%99s+Trash+Pie+%2B+Natural+Wine/data=!4m2!3m1!1s0x0:0x860e81c1c17b8e4f,
Maison Benoit,French bakery. Croissants,https://www.google.com/maps/place/Maison+Benoit/data=!4m2!3m1!1s0x808f8d8a522c6987:0x3635cb41a92a0b4f,
The Grind,Breakfast and cafe. Outdoors patio,https://www.google.com/maps/place/The+Grind/data=!4m2!3m1!1s0x808580a61ca89e55:0x316a1961c1e57bee,
Burdell,High end soul food,https://www.google.com/maps/place/Burdell/data=!4m2!3m1!1s0x80857d85dc88b385:0x24f4646060356f82,
Duarte's Tavern,"Iconic local restaurant, Guy Fieri’s favorite",https://www.google.com/maps/place/Duarte's+Tavern/data=!4m2!3m1!1s0x808f073422251183:0x52c19215c8706f1d,
American Cinematheque,Tyler’s rec,https://www.google.com/maps/place/American+Cinematheque/data=!4m2!3m1!1s0x80c2bf21613f98af:0xc65ffb450e9e1374,
Maru Coffee,Tyler’s rec,https://www.google.com/maps/place/Maru+Coffee/data=!4m2!3m1!1s0x80c2c0b024e18d6f:0xd75439db53c65487,
Bar Flores,Sophia and Tyler’s rec,https://www.google.com/maps/place/Bar+Flores/data=!4m2!3m1!1s0x80c2c783d98e2895:0x68f803fc2ff1a551,
Camel,Tyler’s rec for Korean coffee,https://www.google.com/maps/place/Camel/data=!4m2!3m1!1s0x80c2c7002defff21:0x2df7613c5da54ecc,
El Atacor#1,Tyler’s rec for tacos,https://www.google.com/maps/place/El+Atacor%231/data=!4m2!3m1!1s0x80c2c71c1774aedf:0x95042dc971502278,
Lasung House 라성왕돈까스,"Tyler’s rec, tonkatsu",https://www.google.com/maps/place/Lasung+House+%EB%9D%BC%EC%84%B1%EC%99%95%EB%8F%88%EA%B9%8C%EC%8A%A4/data=!4m2!3m1!1s0x80c2b9492fce9383:0x5564b8374c138f3f,
Bouchon Bakery,Thomas Keller’s bakery,https://www.google.com/maps/place/Bouchon+Bakery/data=!4m2!3m1!1s0x80845543e475ae6f:0x108c36ec029f598,
Guelaguetza Restaurant,"A famous Oaxacan restaurant in Koreatown known for its authentic Mexican food, especially mole. It's a favorite for those looking for rich, flavorful dishes and a lively atmosphere.",https://www.google.com/maps/place/Guelaguetza+Restaurant/data=!4m2!3m1!1s0x80c2b87f94d62329:0xe605cc1bb679a2ac,
Dan Tana's,"A legendary Italian restaurant in West Hollywood, famous for its old-school vibe and hearty dishes like chicken parmigiana and spaghetti and meatballs.",https://www.google.com/maps/place/Dan+Tana's/data=!4m2!3m1!1s0x80c2bea893bee2ad:0xbd726493df77274b,
Musso & Frank Grill,"An iconic Hollywood steakhouse that opened in 1919, known for its classic American fare and as a favorite of Hollywood stars over the decades.",https://www.google.com/maps/place/Musso+%26+Frank+Grill/data=!4m2!3m1!1s0x80c2bf2359ce9d69:0x61ab1ea76555d48,
Joodooboo,Banchan focused Korean restaurant ,https://www.google.com/maps/place/Joodooboo/data=!4m2!3m1!1s0x80857f1d4794619b:0x435cb26d1b3b0b6f,
Yank Sing (Spear St.),They still use carts here,https://www.google.com/maps/place/Yank+Sing+(Spear+St.)/data=!4m2!3m1!1s0x808580645476fc13:0x428ed44ba1d270a1,
Li Po Cocktail Lounge,,https://www.google.com/maps/place/Li+Po+Cocktail+Lounge/data=!4m2!3m1!1s0x808580f4ae0a2af9:0xfaa5ec641935086c,
Rice Roll Express,Cheung fun,https://www.google.com/maps/place/Rice+Roll+Express/data=!4m2!3m1!1s0x80858100099a0845:0xb9d5b06625d829eb,
Hillstone,Chefs love this restaurant ,https://www.google.com/maps/place/Hillstone/data=!4m2!3m1!1s0x808580f9c5f7addd:0xffbd2eca83ced6e6,
Reperch,Consignment shop for corporate furniture ,https://www.google.com/maps/place/Reperch/data=!4m2!3m1!1s0x808f79ad8e583885:0xe5e9a8c252bfcb68,
Bill's Place,,https://www.google.com/maps/place/Bill's+Place/data=!4m2!3m1!1s0x808587059811077b:0x452b056907a87319,
Woods Lowside,,https://www.google.com/maps/place/Woods+Lowside/data=!4m2!3m1!1s0x80858172336a009b:0x4ff27e520a8dc903,
New Taraval Cafe,,https://www.google.com/maps/place/New+Taraval+Cafe/data=!4m2!3m1!1s0x808f7d91b34e2c85:0x7ad4c08b0b9d7d5f,
TTobongee Chicken @ Santa Clara,Actually go there for their Korean Chinese food,https://www.google.com/maps/place/TTobongee+Chicken+@+Santa+Clara/data=!4m2!3m1!1s0x808fcbf85807ffc9:0x55abf56bef85c859,
Paper Plane,Inventive cocktails and bar food. $20 prime rib on Tues (need to buy drink),https://www.google.com/maps/place/Paper+Plane/data=!4m2!3m1!1s0x808fccbca44e77d9:0x365551868350d491,
Ernest,,https://www.google.com/maps/place/Ernest/data=!4m2!3m1!1s0x808f7f0debe229d3:0xd654505f7b34859d,
Thai Nghiep Ky Mi Gia,Vietnam dry noodles ,https://www.google.com/maps/place/Thai+Nghiep+Ky+Mi+Gia/data=!4m2!3m1!1s0x808587629f24b759:0x3d3012493dd06364,
Alamo Square Seafood Grill,"French bistro. $20 pre fixe, comes with wine",https://www.google.com/maps/place/Alamo+Square+Seafood+Grill/data=!4m2!3m1!1s0x808580a4c413c6b9:0xae918ba9f2176be4,
Bar Sprezzatura,,https://www.google.com/maps/place/Bar+Sprezzatura/data=!4m2!3m1!1s0x808581ce0c2e4d53:0xa0e2269db9a593fd,
Roli Roti Gourmet Rotisserie,Rotisserie and porchetta ,https://www.google.com/maps/place/Roli+Roti+Gourmet+Rotisserie/data=!4m2!3m1!1s0x80858066669c6479:0xa9c506ca3b2ee11b,
Siam Station Cupertino,Khao soi,https://www.google.com/maps/place/Siam+Station+Cupertino/data=!4m2!3m1!1s0x808fb5669c6c0115:0xd45420ef6b528203,
Beijing Restaurant,,https://www.google.com/maps/place/Beijing+Restaurant/data=!4m2!3m1!1s0x808fb5f13fd24aa5:0x73bfda30d649042,
Roam Artisan Burgers,,https://www.google.com/maps/place/Roam+Artisan+Burgers/data=!4m2!3m1!1s0x808580c7946ca6f1:0x273f15f936496093,
WesBurger n' More,Smash burger,https://www.google.com/maps/place/WesBurger+n'+More/data=!4m2!3m1!1s0x808580afd365c28b:0x2e4935cd732bfa42,
Delfina Restaurant,,https://www.google.com/maps/place/Delfina+Restaurant/data=!4m2!3m1!1s0x808f7f3925be3a89:0xabb84c8cb11fe0c0,
Yellow Moto Pizzeria,,https://www.google.com/maps/place/Yellow+Moto+Pizzeria/data=!4m2!3m1!1s0x808f7f1b00e15e87:0xbd4e4ca0951ffa12,
Square Pie Guys,,https://www.google.com/maps/place/Square+Pie+Guys/data=!4m2!3m1!1s0x808581e810690cf1:0x1943b7127b7f9cab,
Blue Plate,,https://www.google.com/maps/place/Blue+Plate/data=!4m2!3m1!1s0x808f7e430e64dded:0xd2ec209c25b9732d,
Stonemill Matcha,,https://www.google.com/maps/place/Stonemill+Matcha/data=!4m2!3m1!1s0x808f7f8e03271a97:0x961ecd6a4feb7941,
Johnny’s Half Moon Bay,Lemon Ricotta pancakes ,https://www.google.com/maps/place/Johnny%E2%80%99s+Half+Moon+Bay/data=!4m2!3m1!1s0x808f0b4057a36785:0x2eae314e0643d7ba,
Drying Shed,"Steak milanese, old school steak house",https://www.google.com/maps/place/Drying+Shed/data=!4m2!3m1!1s0x808fcd9c7171e765:0xdc280dc5bc987da6,
The Kezar Pub,,https://www.google.com/maps/place/The+Kezar+Pub/data=!4m2!3m1!1s0x808587516885bfc9:0xa0bd63d26122a20d,
Fly,,https://www.google.com/maps/place/Fly/data=!4m2!3m1!1s0x808580b033789f63:0x2b64259b604538f1,
Cheung Hing Restaurant,Roast duck,https://www.google.com/maps/place/Cheung+Hing+Restaurant/data=!4m2!3m1!1s0x8085877efced7743:0xea8740c951a2868a,
Mini Potstickers,,https://www.google.com/maps/place/Mini+Potstickers/data=!4m2!3m1!1s0x8085817a69a747a3:0xcb95981e25776d40,
Mini Potstickers,,https://www.google.com/maps/place/Mini+Potstickers/data=!4m2!3m1!1s0x808587ee28b99845:0x316b3b78ae800333,
27 Ventisette,Where all the locals go in Nurburgring,https://www.google.com/maps/place/27+Ventisette/data=!4m2!3m1!1s0x47bfacb06b8e4e29:0x4c8412365abb7e69,
King City Grill,Cult favorite brunch ,https://www.google.com/maps/place/King+City+Grill/data=!4m2!3m1!1s0x8092f146e798d01d:0xdbe1eaa08db0313d,
Ibero Tapas,,https://www.google.com/maps/place/Ibero+Tapas/data=!4m2!3m1!1s0x479dd9e28c221e6f:0x8dbce36297093e44,
Bahngarten,Apparently Marc says there’s a club here ,https://www.google.com/maps/place/Bahngarten/data=!4m2!3m1!1s0x479ddfb4c9b7cbcd:0x2b140761c3fa992c,
Rocco's Cafe,,https://www.google.com/maps/place/Rocco's+Cafe/data=!4m2!3m1!1s0x808580820d25546d:0x3dc2114314d6d4ae,
Kilians Irish Pub,,https://www.google.com/maps/place/Kilians+Irish+Pub/data=!4m2!3m1!1s0x479e75f4b999eda3:0x2a6e96332a584658,
Mucky Duck,,https://www.google.com/maps/place/Mucky+Duck/data=!4m2!3m1!1s0x8085875c4ae8ead1:0xcfc96286391205a0,
Olive & Hay,Ashwin’s rec,https://www.google.com/maps/place/Olive+%26+Hay/data=!4m2!3m1!1s0x808509eb2804047d:0xceb15e306857b680,
Club Waziema,,https://www.google.com/maps/place/Club+Waziema/data=!4m2!3m1!1s0x808580afb5e1e8a1:0xbe500c19de168612,
Avatar's,Nar’s girlfriends family restaurant ,https://www.google.com/maps/place/Avatar's/data=!4m2!3m1!1s0x808585050d11d18d:0xe1d770086a096be,
Kiki Japanese,,https://www.google.com/maps/place/Kiki+Japanese/data=!4m2!3m1!1s0x8085875ce0124b71:0x1d60917953d659d,
Dumpling Park,,https://www.google.com/maps/place/Dumpling+Park/data=!4m2!3m1!1s0x8085878c98817463:0x7572d0be20b411c1,
Marnee Thai Restaurant,,https://www.google.com/maps/place/Marnee+Thai+Restaurant/data=!4m2!3m1!1s0x8085875cfd8b0845:0xea8787586eef930c,
Darda Seafood Restaurant,,https://www.google.com/maps/place/Darda+Seafood+Restaurant/data=!4m2!3m1!1s0x808fc926cad0a90b:0x4516bda161e9c269,
Shanghai Delight,,https://www.google.com/maps/place/Shanghai+Delight/data=!4m2!3m1!1s0x808fc926cb2c2d7b:0x99d03a61d95f60c1,
Mắm,Super authentic Hanoi Vietnamese food. You sit on plastic stools just like in Hanoi,https://www.google.com/maps/place/M%E1%BA%AFm/data=!4m2!3m1!1s0x89c2598afb66b49d:0x10972d2d28f5c8ec,
The Laundromat SF,"Bagels in the morning, pizza in the evening 

A lot of local artists work there and they play vinyls",https://www.google.com/maps/place/The+Laundromat+SF/data=!4m2!3m1!1s0x808587f9cfaf6df5:0x93e625a01c4e06ca,
Shabu Shack,AYCE shabu shabu ,https://www.google.com/maps/place/Shabu+Shack/data=!4m2!3m1!1s0x808f792252724cd5:0xd5ed20f51996e7a,
Go Duck Yourself 去你鸭的,,https://www.google.com/maps/place/Go+Duck+Yourself+%E5%8E%BB%E4%BD%A0%E9%B8%AD%E7%9A%84/data=!4m2!3m1!1s0x808f7f006a98841f:0x6512ddf73f6c38c4,
Red's Java House,Sourdough burgers,https://www.google.com/maps/place/Red's+Java+House/data=!4m2!3m1!1s0x80858076ca51db45:0x736058040eca0a6a,
Aria Korean Street Food,Korean fried chicken ,https://www.google.com/maps/place/Aria+Korean+Street+Food/data=!4m2!3m1!1s0x80858091541c151f:0x6429aca5330ad7d9,
What The Cluck Haight,Hainan chicken rice,https://www.google.com/maps/place/What+The+Cluck+Haight/data=!4m2!3m1!1s0x8085872c8ec4db33:0x283311f5551ed233,
Golden Lotus,Bun bo hue,https://www.google.com/maps/place/Golden+Lotus/data=!4m2!3m1!1s0x80858090ce24b25d:0xcc15ca0ac80a7d81,
Hai Ky Mi Gia,braised duck leg in the famous wonton noodle soup,https://www.google.com/maps/place/Hai+Ky+Mi+Gia/data=!4m2!3m1!1s0x80858090d14a95cb:0x3c861511a4f66b96,
Laguna Cafe,,https://www.google.com/maps/place/Laguna+Cafe/data=!4m2!3m1!1s0x808587522a84952f:0xcb789637836a9f3f,
Le Rivage,,https://www.google.com/maps/place/Le+Rivage/data=!4m2!3m1!1s0x89c25853f07adf3f:0x68e7fddef5c0e596,
Bourbon & Branch,,https://www.google.com/maps/place/Bourbon+%26+Branch/data=!4m2!3m1!1s0x808580902bbc9e69:0xe045cd09af8db804,
Dawn Club,Live jazz every night. Drink rec: The Hot Seven,https://www.google.com/maps/place/Dawn+Club/data=!4m2!3m1!1s0x808581ad5686d829:0x856fa86949c87de4,
William Stout Architectural Books,,https://www.google.com/maps/place/William+Stout+Architectural+Books/data=!4m2!3m1!1s0x808580f5302d84ed:0x735ae86fe932515b,
Bix,,https://www.google.com/maps/place/Bix/data=!4m2!3m1!1s0x808580f538199d0d:0xcba0a2e0fa5d9191,
Tosca Cafe,"Jony Ive: “a glorious bar with an opera jukebox, an intriguing bullet hole and meatballs to die for”",https://www.google.com/maps/place/Tosca+Cafe/data=!4m2!3m1!1s0x808580f48a4913db:0x26641a2229c22b86,
Prik Hom,"Very popular upscale Thai restaurant, first come first serve",https://www.google.com/maps/place/Prik+Hom/data=!4m2!3m1!1s0x80858720272668bf:0xa9c4f38cbc1adc1e,
Ambar Bistro,,https://www.google.com/maps/place/Ambar+Bistro/data=!4m2!3m1!1s0x479ddf72378ea017:0xb61518d725375495,
Molinari Delicatessen,,https://www.google.com/maps/place/Molinari+Delicatessen/data=!4m2!3m1!1s0x808580f3edef0f2d:0xd3b54cabd3298198,
Yokai,hi fi bar,https://www.google.com/maps/place/Yokai/data=!4m2!3m1!1s0x808581d9c40ac23d:0xd3f3e0aaa3c6a759,
Hikiniku to Come (Shibuya),,https://www.google.com/maps/place/Hikiniku+to+Come+(Shibuya)/data=!4m2!3m1!1s0x60188df8d07c62b1:0xee7a49e1f085a4f1,
Chong Qing Xiao Mian,,https://www.google.com/maps/place/Chong+Qing+Xiao+Mian/data=!4m2!3m1!1s0x808580f4c14454e7:0x9b1acb6eb23b85be,
PPQ Dungeness Island - San Francisco,,https://www.google.com/maps/place/PPQ+Dungeness+Island+-+San+Francisco/data=!4m2!3m1!1s0x80858705bc8798a3:0xc8b4e6559877c000,
Jin Pot Shabu House,All you can drink shabu shabu ,https://www.google.com/maps/place/Jin+Pot+Shabu+House/data=!4m2!3m1!1s0x80858716d2f239dd:0xaefcf18ce3439948,
KEN,,https://www.google.com/maps/place/KEN/data=!4m2!3m1!1s0x8085813f88a6a697:0x45a146eb2313ced8,
Four Kings 四大天王,,https://www.google.com/maps/place/Four+Kings+%E5%9B%9B%E5%A4%A7%E5%A4%A9%E7%8E%8B/data=!4m2!3m1!1s0x808581fd41abf70f:0x398ca38369b79917,
Lavash,,https://www.google.com/maps/place/Lavash/data=!4m2!3m1!1s0x8085875bf6e41277:0xda02067ab7e645b8,
San Francisco's Hometown Creamery,,https://www.google.com/maps/place/San+Francisco's+Hometown+Creamery/data=!4m2!3m1!1s0x8085875c52789845:0x9748a34baf003117,
um.ma,,https://www.google.com/maps/place/um.ma/data=!4m2!3m1!1s0x80858746c35b9bf3:0xe05b57ade12e7221,
Grand Hot Pot Lounge,"Same owners as wasabi bistro, unlimited drinks",https://www.google.com/maps/place/Grand+Hot+Pot+Lounge/data=!4m2!3m1!1s0x808587378e27eb3b:0xa11521ecd820c39b,
Bodega North Beach,Breakfast burritos only on Sat,https://www.google.com/maps/place/Bodega+North+Beach/data=!4m2!3m1!1s0x808580f037db7287:0x514bf4ba3445880a,
Bar 821,,https://www.google.com/maps/place/Bar+821/data=!4m2!3m1!1s0x808580b1b6793991:0x33f7ff9d575d396d,
The Garret,You enter this bar thru the Five Guys downstairs ,https://www.google.com/maps/place/The+Garret/data=!4m2!3m1!1s0x89c259937446d191:0x621cdc48d540f163,
Jongro BBQ,,https://www.google.com/maps/place/Jongro+BBQ/data=!4m2!3m1!1s0x89c259a8ef657243:0x9185d801317e2d9d,
Sage,,https://www.google.com/maps/place/Sage/data=!4m2!3m1!1s0x89c25956fb6c1891:0x7b48bcec263d797a,
Blue Note,,https://www.google.com/maps/place/Blue+Note/data=!4m2!3m1!1s0x89c25993d7d5f46d:0x921181beeb4ce349,
Lilia,,https://www.google.com/maps/place/Lilia/data=!4m2!3m1!1s0x89c2595bea837025:0x77eb07a48c30f727,
Red Hook Tavern,,https://www.google.com/maps/place/Red+Hook+Tavern/data=!4m2!3m1!1s0x89c25b9495de42bf:0xdfa3fb7f5aea4bad,
King Dumplings,,https://www.google.com/maps/place/King+Dumplings/data=!4m2!3m1!1s0x89c25b53a5ad45c1:0x24b7f9c31a2a7615,
Shu Jiao Fu Zhou,,https://www.google.com/maps/place/Shu+Jiao+Fu+Zhou/data=!4m2!3m1!1s0x89c25987a0baabdd:0x2982dbd963919b46,
Bar Jabroni,,https://www.google.com/maps/place/Bar+Jabroni/data=!4m2!3m1!1s0x808581001abe580f:0x708b94735fd44581,
Very Fresh Noodles,Shannon,https://www.google.com/maps/place/Very+Fresh+Noodles/data=!4m2!3m1!1s0x89c259bf609ef01d:0xf9b2b09c373f9058,
Cho Dang Gol,Shannon -- crab roe omelete,https://www.google.com/maps/place/Cho+Dang+Gol/data=!4m2!3m1!1s0x89c259a963364753:0xcf37071ffd9c5c2a,
CHILI,Shannon,https://www.google.com/maps/place/CHILI/data=!4m2!3m1!1s0x89c259e3a8e62d25:0xd830fb7fdc4fa9f4,
Pranakhon,Shannon's fave Thai restaurant (also Lisa from Blackpink's fave lol),https://www.google.com/maps/place/Pranakhon/data=!4m2!3m1!1s0x89c259c29d3f6979:0xa75b49602df01d5,
Le Sia,Shannon,https://www.google.com/maps/place/Le+Sia/data=!4m2!3m1!1s0x89c259b584a365ab:0xd0f88b078768d104,
Raku,Shannon,https://www.google.com/maps/place/Raku/data=!4m2!3m1!1s0x89c2599cd02ee1f1:0x6716c1f123435a34,
The Dolar Shop Hot Pot Manhattan,Shannon's fave hot pot spot,https://www.google.com/maps/place/The+Dolar+Shop+Hot+Pot+Manhattan/data=!4m2!3m1!1s0x89c25940d89b5469:0x981e1dab052cc224,
Foreign Cinema,,https://www.google.com/maps/place/Foreign+Cinema/data=!4m2!3m1!1s0x808f7e3ec8cb0b3f:0x2f54db460b3cf3d9,
AFURI Ebisu,,https://www.google.com/maps/place/AFURI+Ebisu/data=!4m2!3m1!1s0x60188b41c5548b81:0xbb158bd909edb2d8,
A10,Vinyl bar,https://www.google.com/maps/place/A10/data=!4m2!3m1!1s0x60188b8d0bbc998d:0xdbdb6eb72400c38f,
Cédric Grolet Opéra,Famous pastry chef ,https://www.google.com/maps/place/C%C3%A9dric+Grolet+Op%C3%A9ra/data=!4m2!3m1!1s0x47e66f0c31ec0787:0xec70be4fbd091765,
Bacon Bacon,Breakfast and lunch sandwiches  ,https://www.google.com/maps/place/Bacon+Bacon/data=!4m2!3m1!1s0x808580ab34cf25d9:0x4c8a17598443328b,
Wildseed,,https://www.google.com/maps/place/Wildseed/data=!4m2!3m1!1s0x808581e84d11fae7:0x739675ed30f7c2da,
Old Mandarin Islamic Restaurant,,https://www.google.com/maps/place/Old+Mandarin+Islamic+Restaurant/data=!4m2!3m1!1s0x808f7db1d279a241:0xc5793d00d68db101,
Georgetown Cupcake,,https://www.google.com/maps/place/Georgetown+Cupcake/data=!4m2!3m1!1s0x89b7b648df5e6ba1:0x1d0fae5121cdb7af,
Shabu Club,,https://www.google.com/maps/place/Shabu+Club/data=!4m2!3m1!1s0x808587162b94c623:0x1d3ba3ebed51d6ea,
Johnny Foley's Irish House,,https://www.google.com/maps/place/Johnny+Foley's+Irish+House/data=!4m2!3m1!1s0x8085808f14f10a61:0x71b8039fc71b444a,
Foghorn Taproom,Chicken and beer,https://www.google.com/maps/place/Foghorn+Taproom/data=!4m2!3m1!1s0x8085874c63c0faa3:0x8022bf110bcaa948,
Mama Ji's,,https://www.google.com/maps/place/Mama+Ji's/data=!4m2!3m1!1s0x808f7e0465399793:0x37c5935c29b37084,
Bar Crenn,,https://www.google.com/maps/place/Bar+Crenn/data=!4m2!3m1!1s0x808580d085a8ae2f:0xc573c81c22347a3b,
Copra,,https://www.google.com/maps/place/Copra/data=!4m2!3m1!1s0x808581a403631d1b:0x1bf43aadb575c02c,
Wirtshaus in der Au,,https://www.google.com/maps/place/Wirtshaus+in+der+Au/data=!4m2!3m1!1s0x479ddf7c987782d9:0x49df88b233dfc267,
Mirablau,,https://www.google.com/maps/place/Mirablau/data=!4m2!3m1!1s0x12a4981b8e7d21db:0x906895d755a11f40,
Ciutat Comtal,"Bea: Famous tapas place, open air seating in the boulevard ",https://www.google.com/maps/place/Ciutat+Comtal/data=!4m2!3m1!1s0x12a4a2f2fb952999:0x9e8658bf28dbb5d6,
El Racó del Cava,"Cheap tapas, super local",https://www.google.com/maps/place/El+Rac%C3%B3+del+Cava/data=!4m2!3m1!1s0x12a4a267b1e08271:0x6ac3755dccb3bdf9,
Mama Gorda,Bocadillos,https://www.google.com/maps/place/Mama+Gorda/data=!4m2!3m1!1s0x12a4a3851f9f4bcd:0x997f96b21180fc9a,
Bar Torpedo,Bocadillos,https://www.google.com/maps/place/Bar+Torpedo/data=!4m2!3m1!1s0x12a4a32b63f8ac41:0xffed19a8db3637f9,
La Caseta del Migdia,Bar with great views at the top of the hill,https://www.google.com/maps/place/La+Caseta+del+Migdia/data=!4m2!3m1!1s0x12a4a214eb10de41:0x1ac22a48749e7b70,
Taverna El Glop,,https://www.google.com/maps/place/Taverna+El+Glop/data=!4m2!3m1!1s0x12a4a2bc1ef928ef:0x3dacb26a6fb1b2d7,
Restaurante Carmen,,https://www.google.com/maps/place/Restaurante+Carmen/data=!4m2!3m1!1s0x12a498865a3b1eef:0x8c537a47ffd034dd,
O'Retorno,,https://www.google.com/maps/place/O'Retorno/data=!4m2!3m1!1s0x12a4a285cdbcd6a3:0xdf0da38df2664c6c,
L'Òstia,Nestor: seafood tapas,https://www.google.com/maps/place/L'%C3%92stia/data=!4m2!3m1!1s0x12a4a3aa73192cbd:0x2d5015f014ace202,
Bodega Manolo,"Nestor: menu lunch and house wine
MarcG: octopus ink bravas",https://www.google.com/maps/place/Bodega+Manolo/data=!4m2!3m1!1s0x12a4a2bbb6de0cb1:0xf16ea0a991937813,
Sala Apolo,MarcG,https://www.google.com/maps/place/Sala+Apolo/data=!4m2!3m1!1s0x12a4a25c75a2cf3b:0xfe58977ad221b3a6,
Nevermind,MarcG: nightlife,https://www.google.com/maps/place/Nevermind/data=!4m2!3m1!1s0x12a4a2f491b85535:0xa2db9531709916d3,
BierCaB,MarcG,https://www.google.com/maps/place/BierCaB/data=!4m2!3m1!1s0x12a4a28c01dcfa57:0x979f723351b2af21,
Kinza,MarcG,https://www.google.com/maps/place/Kinza/data=!4m2!3m1!1s0x12a4a34a10182d65:0x91d7a900e768cb2f,
Razzmatazz,,https://www.google.com/maps/place/Razzmatazz/data=!4m2!3m1!1s0x12a4a3190e0640b5:0x40f9d8fe93a98ca,
Cañete,Tapas recommended by Marc,https://www.google.com/maps/place/Ca%C3%B1ete/data=!4m2!3m1!1s0x12a4a258412bcb19:0x1c77b2f8f4cdfb63,
Puertecillo Born,,https://www.google.com/maps/place/Puertecillo+Born/data=!4m2!3m1!1s0x12a4a2fdf058c593:0x2ee6fee9e98b57db,
Lost Cat Bar & Bites,Bar with the owner's cats,https://www.google.com/maps/place/Lost+Cat+Bar+%26+Bites/data=!4m2!3m1!1s0x808581fbdb0f3765:0x41aec76505569041,
Mandalay Restaurant,Iconic Burmese resto,https://www.google.com/maps/place/Mandalay+Restaurant/data=!4m2!3m1!1s0x8085873c9a913065:0x788e4b120aaaa7d5,
Alis SUPERFOOD,,https://www.google.com/maps/place/Alis+SUPERFOOD/data=!4m2!3m1!1s0x479e75bb2e898599:0x88c21af063e44ceb,
NEN-Imbiss,,https://www.google.com/maps/place/NEN-Imbiss/data=!4m2!3m1!1s0x479ddf7f26244b85:0x4627df6ce374cefb,
Benko Pizzeria,,https://www.google.com/maps/place/Benko+Pizzeria/data=!4m2!3m1!1s0x479e754873783483:0xae8cdec9f9722a53,
Afghanisches Restaurant Pivasta München,,https://www.google.com/maps/place/Afghanisches+Restaurant+Pivasta+M%C3%BCnchen/data=!4m2!3m1!1s0x479e7555942a594d:0x1e37c54f57edd83b,
Cochinchina,,https://www.google.com/maps/place/Cochinchina/data=!4m2!3m1!1s0x479e75c704db2501:0x36636c4f92abbfa0,
Martuni's,,https://www.google.com/maps/place/Martuni's/data=!4m2!3m1!1s0x8085809fc1d9fd7f:0x3c302f46424a3609,
Bäckerei Schmidt - Brotmanufaktur - bestes Brot,,https://www.google.com/maps/place/B%C3%A4ckerei+Schmidt+-+Brotmanufaktur+-+bestes+Brot/data=!4m2!3m1!1s0x479ddf816b47cd0b:0xd4c6073a5208110b,
POLKA Restaurant,,https://www.google.com/maps/place/POLKA+Restaurant/data=!4m2!3m1!1s0x479ddf8190eae4b1:0xe314d0282cf79fe7,
El Español - Spanisches Restaurant in München,,https://www.google.com/maps/place/El+Espa%C3%B1ol+-+Spanisches+Restaurant+in+M%C3%BCnchen/data=!4m2!3m1!1s0x479ddf81a7d0df23:0x8a3758574d6a1f49,
El Perro,,https://www.google.com/maps/place/El+Perro/data=!4m2!3m1!1s0x479ddf80c192ea5b:0xb643a82356579778,
Haidhauser Augustiner,,https://www.google.com/maps/place/Haidhauser+Augustiner/data=!4m2!3m1!1s0x479ddf810055ada7:0xf506feea37a65745,
Giorgia Trattoria,,https://www.google.com/maps/place/Giorgia+Trattoria/data=!4m2!3m1!1s0x479ddf88b8fc0b7d:0x39de19737cbc4c1f,
Restaurante o Portugal,,https://www.google.com/maps/place/Restaurante+o+Portugal/data=!4m2!3m1!1s0x479ddf87cadb837b:0xbf94b005b90b993a,
Fiorella Sunset,,https://www.google.com/maps/place/Fiorella+Sunset/data=!4m2!3m1!1s0x8085872bb29a5c29:0x2c7342767120093d,
Mama Mu's Bistro,,https://www.google.com/maps/place/Mama+Mu's+Bistro/data=!4m2!3m1!1s0x808587462cec24ad:0xed399fea5f1fc305,
Yuanbao Jiaozi 元寶餃子,,https://www.google.com/maps/place/Yuanbao+Jiaozi+%E5%85%83%E5%AF%B6%E9%A4%83%E5%AD%90/data=!4m2!3m1!1s0x808587701d90f889:0xdd60638f98b34f50,
Del Popolo,,https://www.google.com/maps/place/Del+Popolo/data=!4m2!3m1!1s0x8085808dc2a02303:0x65859a8c13592c08,
Golden Crab House,Garlic noodles ,https://www.google.com/maps/place/Golden+Crab+House/data=!4m2!3m1!1s0x808587d9e2a4afd5:0x9049da7bf9c7965c,
Yummy Dumpling,Frozen dumplings ,https://www.google.com/maps/place/Yummy+Dumpling/data=!4m2!3m1!1s0x80858765ed5da613:0xb252bb2a97152596,
Mourad,1 star Michelin Moroccan restaurant ,https://www.google.com/maps/place/Mourad/data=!4m2!3m1!1s0x8085807d3f01a483:0xa8e386b194f11d36,
Zazie,"Brunch, or more expensive dinner",https://www.google.com/maps/place/Zazie/data=!4m2!3m1!1s0x8085875453992781:0x2612640bb3814f41,
Rhea's Deli & Market,Sandwich,https://www.google.com/maps/place/Rhea's+Deli+%26+Market/data=!4m2!3m1!1s0x808f7e3d032224f1:0x82436951e41a6463,
b. patisserie,,https://www.google.com/maps/place/b.+patisserie/data=!4m2!3m1!1s0x808580c961a0d5e7:0xea755410f0b98bb,
BIAZZA eat & greek restaurant bar,,https://www.google.com/maps/place/BIAZZA+eat+%26+greek+restaurant+bar/data=!4m2!3m1!1s0x479ddf6891f948cf:0xfc07ed5d0bc3331f,
Azalina's,,https://www.google.com/maps/place/Azalina's/data=!4m2!3m1!1s0x80858116c8bb6a41:0x1ecc40c53b586d01,
Maison Massard,,https://www.google.com/maps/place/Maison+Massard/data=!4m2!3m1!1s0x479ddf793a7e9b11:0xf5761bc45c776d5e,
The Bapsang,Authentic Korean,https://www.google.com/maps/place/The+Bapsang/data=!4m2!3m1!1s0x808fb50a1578460d:0x2ecb4947492a4380,
Hasir Ocakbaşı,Turkish dude that’s Yejin’s chef friend says this place is legit,https://www.google.com/maps/place/Hasir+Ocakba%C5%9F%C4%B1/data=!4m2!3m1!1s0x47a84f50dc0e0179:0xa5bfca8fbba50fbb,
K'Ups Gemüsekebap,,https://www.google.com/maps/place/K'Ups+Gem%C3%BCsekebap/data=!4m2!3m1!1s0x47a851ff034c0cb9:0xcc0eea070ba18b04,
Granny‘s 한상,,https://www.google.com/maps/place/Granny%E2%80%98s+%ED%95%9C%EC%83%81/data=!4m2!3m1!1s0x47a85312e7d48755:0x367ffe4acd852af9,
Boxhagener Platz,,https://www.google.com/maps/place/Boxhagener+Platz/data=!4m2!3m1!1s0x47a84e5edfbb9139:0x64d2319b3f19cf56,
44 Brekkie,egg sandwich,https://www.google.com/maps/place/44+Brekkie/data=!4m2!3m1!1s0x47a84f349b93e3bd:0x2ac3778d5beaf77e,
Restaurant Austria 🇦🇹 Das Original,Weinerschnitzel,https://www.google.com/maps/place/Restaurant+Austria+%F0%9F%87%A6%F0%9F%87%B9+Das+Original/data=!4m2!3m1!1s0x47a84fd9c39d770d:0x1d33e617adc0ffc9,
Lebensmittel in Mitte,Käsespätzle,https://www.google.com/maps/place/Lebensmittel+in+Mitte/data=!4m2!3m1!1s0x47a851e1ce4b62a5:0x812c5b845c124b16,
Mustafa's Gemüse Kebap,Gemüsedöner,https://www.google.com/maps/place/Mustafa's+Gem%C3%BCse+Kebap/data=!4m2!3m1!1s0x47a85029195b7e73:0xa934dc3108889d2f,
Azzam Restaurant,,https://www.google.com/maps/place/Azzam+Restaurant/data=!4m2!3m1!1s0x47a84fbd00fd96a1:0x2b750456794169e3,
Shaam Restaurant,,https://www.google.com/maps/place/Shaam+Restaurant/data=!4m2!3m1!1s0x47a84fa1db9e70c9:0x95fa5f4f630289c0,
Curry 36,,https://www.google.com/maps/place/Curry+36/data=!4m2!3m1!1s0x47a850291fffa7c9:0x84f86b5c641fdb04,
MOZZAMO,,https://www.google.com/maps/place/MOZZAMO/data=!4m2!3m1!1s0x479e7572ca818519:0x166e0855df12bc0c,
Steinheil 16,Alyssa’s favorite German restaurant ,https://www.google.com/maps/place/Steinheil+16/data=!4m2!3m1!1s0x479e75e5cbc8ff45:0xff72ff3b15a14662,
Paulaner am Nockherberg,,https://www.google.com/maps/place/Paulaner+am+Nockherberg/data=!4m2!3m1!1s0x479e75e342913839:0x540da3ab3b23f3b9,
Mystikon,,https://www.google.com/maps/place/Mystikon/data=!4m2!3m1!1s0x479ddf0b71116fbb:0x35340b594398ada2,
Chome,Izakaya with late happy hour — 10-11pm but double check before going bc they change it,https://www.google.com/maps/place/Chome/data=!4m2!3m1!1s0x808f7f738799d151:0x6f84ecee6aed914d,
Hofbräukeller,,https://www.google.com/maps/place/Hofbr%C3%A4ukeller/data=!4m2!3m1!1s0x479e7580eb22dcdb:0x6e526f9c46329547,
Hofbräuhaus München,,https://www.google.com/maps/place/Hofbr%C3%A4uhaus+M%C3%BCnchen/data=!4m2!3m1!1s0x479e758bcf52fcc5:0xa9c170edcdbd1a2f,
A K Meats,Dope sandwich spot,https://www.google.com/maps/place/A+K+Meats/data=!4m2!3m1!1s0x80858705bead17f7:0x38e7226a624f9403,
Duan Chun Zhen Noodle House,,https://www.google.com/maps/place/Duan+Chun+Zhen+Noodle+House/data=!4m2!3m1!1s0x808fb5ca2de3d20d:0x8ef9d77c924a6f09,
Restaurant Jeanne D'Arc,,https://www.google.com/maps/place/Restaurant+Jeanne+D'Arc/data=!4m2!3m1!1s0x8085808c2577a1b3:0x42bd22c2b5d566be,
GOLA,SFs only Tunisian restaurant,https://www.google.com/maps/place/GOLA/data=!4m2!3m1!1s0x808f7ff7ab7898b7:0xf88c4b5c95f6afe0,
Pink Onion,Go on Wednesday. Appetizer pizza wine and desert for $15. Go with a group,https://www.google.com/maps/place/Pink+Onion/data=!4m2!3m1!1s0x808f7e26781d2833:0x4ac1022242693b28,
Soong Kee Beef Noodles & Low Yau Kee Porridge,Beef and tripe noodle soup,https://www.google.com/maps/place/Soong+Kee+Beef+Noodles+%26+Low+Yau+Kee+Porridge/data=!4m2!3m1!1s0x31cc49d215e3cbb7:0xf887251c6288ff4d,
Peacekeeper,,https://www.google.com/maps/place/Peacekeeper/data=!4m2!3m1!1s0x808581fc0f67c6dd:0x14374764e2b4b9a4,
Inle Burmese Cuisine,,https://www.google.com/maps/place/Inle+Burmese+Cuisine/data=!4m2!3m1!1s0x808f7fb188a10a2b:0xd5d3393ba86e0640,
Coconuts Caribbean Restaurant & Bar,,https://www.google.com/maps/place/Coconuts+Caribbean+Restaurant+%26+Bar/data=!4m2!3m1!1s0x808fbb3a332cb443:0x67f92c9b7d26d489,
Taisan Huakee restaurant 利桦饭店,Taishan food,https://www.google.com/maps/place/Taisan+Huakee+restaurant+%E5%88%A9%E6%A1%A6%E9%A5%AD%E5%BA%97/data=!4m2!3m1!1s0x8085870d745efd25:0xd4de16569f22f6b0,
Papa Cristo's Greek Grill,All you can eat Greek bbq ,https://www.google.com/maps/place/Papa+Cristo's+Greek+Grill/data=!4m2!3m1!1s0x80c2b8789c21a95f:0x3a72df2bc8bb204f,
Sri Ananda Bhavan - Sunnyvale,Huge dosas,https://www.google.com/maps/place/Sri+Ananda+Bhavan+-+Sunnyvale/data=!4m2!3m1!1s0x808fb6162911276b:0x8c1927f8cd4d73f3,
The Devil's Acre,,https://www.google.com/maps/place/The+Devil's+Acre/data=!4m2!3m1!1s0x808580f462738a95:0x40b2da3d819da5ea,
Vesuvio Cafe,,https://www.google.com/maps/place/Vesuvio+Cafe/data=!4m2!3m1!1s0x808580f48826674f:0x23ae1c58dd5b28c3,
BUN BO HUE SONG HUONG,"Bun Bo hue , get the appetizer sampler plate ",https://www.google.com/maps/place/BUN+BO+HUE+SONG+HUONG/data=!4m2!3m1!1s0x808fcd03bf495969:0x4c6da11347dd69cd,
Da Fei Ge Restaurant,"Northern style Chinese skewers, clay pot rice",https://www.google.com/maps/place/Da+Fei+Ge+Restaurant/data=!4m2!3m1!1s0x809ad1e88cd3fa23:0xdb2df4a914501e46,
Swan Oyster Depot,,https://www.google.com/maps/place/Swan+Oyster+Depot/data=!4m2!3m1!1s0x8085809e8e89d111:0xe8ac4b9bfa4fbbd4,
Ikeda's,"Oprah’s favorite pie, burgers",https://www.google.com/maps/place/Ikeda's/data=!4m2!3m1!1s0x809b056a04c55c77:0xb242bebb67a4ca5b,
Manitas Cafe,,https://www.google.com/maps/place/Manitas+Cafe/data=!4m2!3m1!1s0x8085874db9410e47:0x2f39922855245432,
Nopa,,https://www.google.com/maps/place/Nopa/data=!4m2!3m1!1s0x808580afc823d4fd:0x58725c5c1643cf05,
Burger Bar,,https://www.google.com/maps/place/Burger+Bar/data=!4m2!3m1!1s0x808e3335e9766bbb:0xf7ffe8cafe91a2ef,
Rantei Japanese Cuisine,,https://www.google.com/maps/place/Rantei+Japanese+Cuisine/data=!4m2!3m1!1s0x808fcbe4ecd2c325:0x1282199f5d43399b,
Scoma's Restaurant,Holiday eggnog every December ,https://www.google.com/maps/place/Scoma's+Restaurant/data=!4m2!3m1!1s0x808580fc871ec6ad:0x976bca61020dcc34,
Wild Side West,Cheap pints,https://www.google.com/maps/place/Wild+Side+West/data=!4m2!3m1!1s0x808f7e595c2871ed:0x1a2f18ed830cace1,
The Bitter End,You can get a steak dinner here for like $20,https://www.google.com/maps/place/The+Bitter+End/data=!4m2!3m1!1s0x8085873c08cc6d39:0xcba2c7cab4a384eb,
SK Seoul Kalbi Korean BBQ,AYCE charcoal grill kbbq,https://www.google.com/maps/place/SK+Seoul+Kalbi+Korean+BBQ/data=!4m2!3m1!1s0x808f7777a5d4341d:0x9c2b47bb0c1beb0c,
The Crew,"Pocha, honeycomb makgeoli",https://www.google.com/maps/place/The+Crew/data=!4m2!3m1!1s0x8085876286ae232d:0x84c51fe85bb63313,
Golden Steer Steakhouse Las Vegas,Old school steakhouse,https://www.google.com/maps/place/Golden+Steer+Steakhouse+Las+Vegas/data=!4m2!3m1!1s0x80c8c475a54e00e3:0xf8755fde4cbb4d1d,
Park's BBQ,,https://www.google.com/maps/place/Park's+BBQ/data=!4m2!3m1!1s0x80c2c78249aba68f:0x6b5f9f23aa51f439,
Kate's Kitchen,,https://www.google.com/maps/place/Kate's+Kitchen/data=!4m2!3m1!1s0x808580a6cc89dfe1:0x8f29d43a1b6d8c32,
Indian Oven Restaurant,,https://www.google.com/maps/place/Indian+Oven+Restaurant/data=!4m2!3m1!1s0x808580a6c524f157:0x69418ef011761f36,
Palmyra,,https://www.google.com/maps/place/Palmyra/data=!4m2!3m1!1s0x808580a672c817ef:0xb2566cd79927c4cc,
Gao Viet Kitchen,,https://www.google.com/maps/place/Gao+Viet+Kitchen/data=!4m2!3m1!1s0x808f9fc70f4614a7:0x8933309dabe33dea,
Bigspoon korean bistro,,https://www.google.com/maps/place/Bigspoon+korean+bistro/data=!4m2!3m1!1s0x808fcdd9ac04ef67:0xf5d602b4a15cfd7,
Regalito Rosticeria,,https://www.google.com/maps/place/Regalito+Rosticeria/data=!4m2!3m1!1s0x808f7e3cd6154529:0x77d8e32512437bd5,
Zuni Café,signature Caesar salad and brick-oven roasted chicken for two,https://www.google.com/maps/place/Zuni+Caf%C3%A9/data=!4m2!3m1!1s0x8085809fabbdbb3b:0x9f78fd6bc9972489,
Emperor Norton's BoozeLand,,https://www.google.com/maps/place/Emperor+Norton's+BoozeLand/data=!4m2!3m1!1s0x80858090a3ea40f3:0x1cb73e0d8af67b26,
Nute's,,https://www.google.com/maps/place/Nute's/data=!4m2!3m1!1s0x808f7e59c16fed97:0x5d00327cee85e563,
The Skewer Bar,,https://www.google.com/maps/place/The+Skewer+Bar/data=!4m2!3m1!1s0x808fcf1fc910a24f:0xbafe1b8b1009b9ab,
La Vaca Birria,,https://www.google.com/maps/place/La+Vaca+Birria/data=!4m2!3m1!1s0x808f7f24dfac02f5:0xcd4677ea9ef0e51e,
La Palma Mexicatessen,,https://www.google.com/maps/place/La+Palma+Mexicatessen/data=!4m2!3m1!1s0x808f7e48e2ed257d:0xe881a65b921b318c,
Kabab & Curry's,,https://www.google.com/maps/place/Kabab+%26+Curry's/data=!4m2!3m1!1s0x808fca4ee487d295:0x701b0e2f9618c391,
Chili House SF,"Peking duck, bring parents here",https://www.google.com/maps/place/Chili+House+SF/data=!4m2!3m1!1s0x8085873db04a299d:0x6783ac50b0804eba,
Tartine Bakery,,https://www.google.com/maps/place/Tartine+Bakery/data=!4m2!3m1!1s0x808f7e1807365605:0x601f7a97f0ce6c6b,
Arizmendi Bakery,,https://www.google.com/maps/place/Arizmendi+Bakery/data=!4m2!3m1!1s0x808f7e4081fd74db:0xa387dff5515cf0af,
Pollo Campero,,https://www.google.com/maps/place/Pollo+Campero/data=!4m2!3m1!1s0x808f7e40aa341901:0x762220fed4532586,
The Spicy Shrimp,"Hong Kong cafe, rice roll. It’s popular tho so try to come early or order ahead",https://www.google.com/maps/place/The+Spicy+Shrimp/data=!4m2!3m1!1s0x8085808b54428907:0x45d61ceb001c601b,
Pixiu Mala Hongtang Oakland 麻辣烫 (피슈 마라홍탕),,https://www.google.com/maps/place/Pixiu+Mala+Hongtang+Oakland+%E9%BA%BB%E8%BE%A3%E7%83%AB+(%ED%94%BC%EC%8A%88+%EB%A7%88%EB%9D%BC%ED%99%8D%ED%83%95)/data=!4m2!3m1!1s0x80857d77327e324d:0x8cd568d1bca68a1,
Seven Hills,Greg Popovich fave resto,https://www.google.com/maps/place/Seven+Hills/data=!4m2!3m1!1s0x808580ec0b6a5473:0x3b90b19f3096695a,
Original Joe's,,https://www.google.com/maps/place/Original+Joe's/data=!4m2!3m1!1s0x808580f1118b217d:0x3937c8b9b320c10b,
A16,,https://www.google.com/maps/place/A16/data=!4m2!3m1!1s0x808580d439568613:0x25052d08a2414fb0,
Little Hunan Restaurant,crack chicken wings party tray,https://www.google.com/maps/place/Little+Hunan+Restaurant/data=!4m2!3m1!1s0x808f7c2346015b57:0x5430b930cdf6e35f,
Armando's Restaurant + Bar,$1.50 Taco Tuesday,https://www.google.com/maps/place/Armando's+Restaurant+%2B+Bar/data=!4m2!3m1!1s0x808fcb5747e6eb85:0x593066ae36a058d8,
Gonpachi Nishi-Azabu,Featured in Kill Bill,https://www.google.com/maps/place/Gonpachi+Nishi-Azabu/data=!4m2!3m1!1s0x60188b7a9a5e0913:0x1290299c462e0387,
Peasant Pies Café & Catering,Pot pies,https://www.google.com/maps/place/Peasant+Pies+Caf%C3%A9+%26+Catering/data=!4m2!3m1!1s0x8085875d83c44105:0xcedf2df45c26926e,
The Stinking Rose,,https://www.google.com/maps/place/The+Stinking+Rose/data=!4m2!3m1!1s0x808580f38b929d5b:0xf78790e8d70230fa,
Shalizaar,,https://www.google.com/maps/place/Shalizaar/data=!4m2!3m1!1s0x808f9f3f9f70513d:0xe69d83e553d0a4cc,
Noren Izakaya,,https://www.google.com/maps/place/Noren+Izakaya/data=!4m2!3m1!1s0x808581adf20145db:0x7359e620522c6fcb,
NICE 2 MEET U那年遇见,,https://www.google.com/maps/place/NICE+2+MEET+U%E9%82%A3%E5%B9%B4%E9%81%87%E8%A7%81/data=!4m2!3m1!1s0x808fc76c5fcfffff:0x66a658d48f020b10,
Wing Lee BBQ,,https://www.google.com/maps/place/Wing+Lee+BBQ/data=!4m2!3m1!1s0x8085873c1198c40f:0xa210764bdf593f80,
Chez Christina,"French Vietnamese, get their sizzling steak",https://www.google.com/maps/place/Chez+Christina/data=!4m2!3m1!1s0x808fcf3b05f52fed:0xf52a46872f4de13b,
Chibog,,https://www.google.com/maps/place/Chibog/data=!4m2!3m1!1s0x808f7bd3bd800c81:0x9b93ebee4eb3b970,
Xian Steam Pot & Yakiniku,,https://www.google.com/maps/place/Xian+Steam+Pot+%26+Yakiniku/data=!4m2!3m1!1s0x808fc99f73cf6997:0x1534bff6d96bd8f3,
Noodle in a Haystack,Creative takes on ramen,https://www.google.com/maps/place/Noodle+in+a+Haystack/data=!4m2!3m1!1s0x80858760d4b2a8a3:0x8ec361fd5e9a2963,
Liguria Bakery,Focaccia pizza ,https://www.google.com/maps/place/Liguria+Bakery/data=!4m2!3m1!1s0x808580f102838a6b:0x9d8666f032d52799,
HUE Restaurant,"Bun beo, Vietnamese dumplings",https://www.google.com/maps/place/HUE+Restaurant/data=!4m2!3m1!1s0x808e328183a6c147:0xcbc7a1576a15deb3,
Sidewalk Juice,Açaí bowl,https://www.google.com/maps/place/Sidewalk+Juice/data=!4m2!3m1!1s0x808581fb778479c5:0x3fa59d44247420da,
Kingdom Of Dumpling,,https://www.google.com/maps/place/Kingdom+Of+Dumpling/data=!4m2!3m1!1s0x808f7d3931946b65:0xe1d349bdf3b9869,
Cafe Mei 美而美,Taiwanese cafe,https://www.google.com/maps/place/Cafe+Mei+%E7%BE%8E%E8%80%8C%E7%BE%8E/data=!4m2!3m1!1s0x808fc71d61bcb7d7:0x6cd30ddf8f1b4c8,
Ming Hing Restaurant,Rice roll ,https://www.google.com/maps/place/Ming+Hing+Restaurant/data=!4m2!3m1!1s0x808f7efcd694abd9:0x2a50eb1dd8340d86,
Stella Pastry,Cannoli,https://www.google.com/maps/place/Stella+Pastry/data=!4m2!3m1!1s0x80858142bbda3f7d:0x4e12e74cf9c2346c,
Buster's Cheese Steak,Open late for munchies,https://www.google.com/maps/place/Buster's+Cheese+Steak/data=!4m2!3m1!1s0x808580f3f3bf0475:0xe2c89146841b5b9,
Shanghai No.1,,https://www.google.com/maps/place/Shanghai+No.1/data=!4m2!3m1!1s0x808fb5bc9bf3a785:0x1986586558b9d981,
House of Pancakes,,https://www.google.com/maps/place/House+of+Pancakes/data=!4m2!3m1!1s0x808f7d919ee7be5f:0x87b94c2a9d332efb,
Loeb Boathouse,,https://www.google.com/maps/place/Loeb+Boathouse/data=!4m2!3m1!1s0x89c2589a07c05e9b:0xe028574b947ab258,
Biryaniz Milpitas,Puri pani,https://www.google.com/maps/place/Biryaniz+Milpitas/data=!4m2!3m1!1s0x808fc927f9fb6213:0x5c53427720369281,
Hawaiian Fresh Seafood At Centerpark Labs,,https://www.google.com/maps/place/Hawaiian+Fresh+Seafood+At+Centerpark+Labs/data=!4m2!3m1!1s0x80dc0720c6935b9d:0x4b184a99a18d1374,
Chaat Bhavan,,https://www.google.com/maps/place/Chaat+Bhavan/data=!4m2!3m1!1s0x808fb5e5e482ffc1:0xb5b50d2d3dd78360,
Lion Dance Café,Vegan Singaporean,https://www.google.com/maps/place/Lion+Dance+Caf%C3%A9/data=!4m2!3m1!1s0x808f817f59aa5fa9:0xc6930eb94f2d3188,
Highland Noodles,,https://www.google.com/maps/place/Highland+Noodles/data=!4m2!3m1!1s0x808fc93e6b2b09bb:0x5ca6969823e5ddd5,
Ruby B.B.Q. Food,,https://www.google.com/maps/place/Ruby+B.B.Q.+Food/data=!4m2!3m1!1s0x80c2d086158c78f7:0xcb06abd13eb150ad,
Quán Ăn Ngon Restaurant Trung Hòa,Foods from all over Vietnam,https://www.google.com/maps/place/Qu%C3%A1n+%C4%82n+Ngon+Restaurant+Trung+H%C3%B2a/data=!4m2!3m1!1s0x3135aca0cbcdf525:0x3a4d28ca884316da,
Hong Ngoc General Hospital,,https://www.google.com/maps/place/Hong+Ngoc+General+Hospital/data=!4m2!3m1!1s0x3135abba7ba53e11:0x587dbd43c0113ca9,
Cafe Giảng,Egg coffee,https://www.google.com/maps/place/Cafe+Gi%E1%BA%A3ng/data=!4m2!3m1!1s0x3135abc0ee85335d:0xfca3408ac50e7363,
Bún Chả Hàng Quạt,,https://www.google.com/maps/place/B%C3%BAn+Ch%E1%BA%A3+H%C3%A0ng+Qu%E1%BA%A1t/data=!4m2!3m1!1s0x3135abe7cf0fc5f3:0xa032093ae764d0cc,
Cơm Sườn Đào Duy Từ,Com tam,https://www.google.com/maps/place/C%C6%A1m+S%C6%B0%E1%BB%9Dn+%C4%90%C3%A0o+Duy+T%E1%BB%AB/data=!4m2!3m1!1s0x3135abc0a4438507:0x4287819f7867acf8,
Hanoi Train Street,,https://www.google.com/maps/place/Hanoi+Train+Street/data=!4m2!3m1!1s0x3135abb85e1fd885:0x6fc790a6864444f8,
P. Hàng Gai,"""Silk Street"" known for cheap and fast tailoring",https://www.google.com/maps/place/P.+H%C3%A0ng+Gai/data=!4m2!3m1!1s0x3135abbfc8c0ee99:0x30ee3bdbf1139008,
Bún bò Huế O Xuân Cơ Sở 2,,https://www.google.com/maps/place/B%C3%BAn+b%C3%B2+Hu%E1%BA%BF+O+Xu%C3%A2n+C%C6%A1+S%E1%BB%9F+2/data=!4m2!3m1!1s0x3135ab8ceeaf1793:0xf11e71ea5f7ab720,
Chả Cá Thăng Long,,https://www.google.com/maps/place/Ch%E1%BA%A3+C%C3%A1+Th%C4%83ng+Long/data=!4m2!3m1!1s0x31752bfa5e75b8f7:0x8d1076f7a39cba5e,
Phở Xào Phú Mỹ,,https://www.google.com/maps/place/Ph%E1%BB%9F+X%C3%A0o+Ph%C3%BA+M%E1%BB%B9/data=!4m2!3m1!1s0x3135abbe7ef72287:0x714ca8495fe5748e,
Cháo Sườn Sụn Huyền Anh Đồng Xuân,,https://www.google.com/maps/place/Ch%C3%A1o+S%C6%B0%E1%BB%9Dn+S%E1%BB%A5n+Huy%E1%BB%81n+Anh+%C4%90%E1%BB%93ng+Xu%C3%A2n/data=!4m2!3m1!1s0x3135abb917ffeb0b:0x222b79f72e413d0c,
Pho 10 Ly Quoc Su,,https://www.google.com/maps/place/Pho+10+Ly+Quoc+Su/data=!4m2!3m1!1s0x3135ab9588b10501:0xf8a3cc53d3aad1eb,
Bún chả que tre,,https://www.google.com/maps/place/B%C3%BAn+ch%E1%BA%A3+que+tre/data=!4m2!3m1!1s0x3135abeca2146e9b:0x50f132e7aee29fa5,
唐山伯古味酸梅湯,,https://www.google.com/maps/place/%E5%94%90%E5%B1%B1%E4%BC%AF%E5%8F%A4%E5%91%B3%E9%85%B8%E6%A2%85%E6%B9%AF/data=!4m2!3m1!1s0x3442aac5011a7d4f:0xa74a8cf7ee941beb,
Suao Cold Spring Park,,https://www.google.com/maps/place/Suao+Cold+Spring+Park/data=!4m2!3m1!1s0x3467e835e0848e97:0x2313262636b0e482,
GupShup,,https://www.google.com/maps/place/GupShup/data=!4m2!3m1!1s0x89c2599ecdaf86bd:0xf9a5ed1086f70805,
Tiantianli Restaurant,,https://www.google.com/maps/place/Tiantianli+Restaurant/data=!4m2!3m1!1s0x3442a90eb2df3bb1:0x4daefa8d64f74f0a,
Wang’s Broth,,https://www.google.com/maps/place/Wang%E2%80%99s+Broth/data=!4m2!3m1!1s0x3442a9a90a87a819:0xf976a36a0efc0079,
Dong Que Restaurant,Vietnamese drinking food,https://www.google.com/maps/place/Dong+Que+Restaurant/data=!4m2!3m1!1s0x808fcd6cd8c8bfc9:0xb28b666ea13065d,
Colombia in Park Slope,,https://www.google.com/maps/place/Colombia+in+Park+Slope/data=!4m2!3m1!1s0x89c25afddf6625df:0xb32f376b6baa687c,
Bamboo Lake,,https://www.google.com/maps/place/Bamboo+Lake/data=!4m2!3m1!1s0x3442b21d8eb6b7ef:0xa72115cca66b7ff8,
玉須龍炭火燒肉(預約制),,https://www.google.com/maps/place/%E7%8E%89%E9%A0%88%E9%BE%8D%E7%82%AD%E7%81%AB%E7%87%92%E8%82%89(%E9%A0%90%E7%B4%84%E5%88%B6)/data=!4m2!3m1!1s0x3442ae8779b1f92b:0xf9bb801dfcd9df09,
Taipei Fish Market,,https://www.google.com/maps/place/Taipei+Fish+Market/data=!4m2!3m1!1s0x3442a957d9e08303:0xc345613b06162b3a,
Yongkang Beef Noodles,Feng Zheng pai gu,https://www.google.com/maps/place/Yongkang+Beef+Noodles/data=!4m2!3m1!1s0x3442a982f7561781:0x1d0cff4ca69a3838,
6星集按摩會館(大直會館),,https://www.google.com/maps/place/6%E6%98%9F%E9%9B%86%E6%8C%89%E6%91%A9%E6%9C%83%E9%A4%A8(%E5%A4%A7%E7%9B%B4%E6%9C%83%E9%A4%A8)/data=!4m2!3m1!1s0x3442ad5da1cd2995:0xbc2f92085ec08e0e,
Gan Mei Alley,,https://www.google.com/maps/place/Gan+Mei+Alley/data=!4m2!3m1!1s0x3442a9ddfd86b3a3:0xeba264ba06c2dc68,
八方雲集 (台北漢口店),,https://www.google.com/maps/place/%E5%85%AB%E6%96%B9%E9%9B%B2%E9%9B%86+(%E5%8F%B0%E5%8C%97%E6%BC%A2%E5%8F%A3%E5%BA%97)/data=!4m2!3m1!1s0x3442a90f29e60f7f:0x88498003e67a84d2,
Yilan City,,https://www.google.com/maps/place/Yilan+City/data=!4m2!3m1!1s0x3467e4ddc31c0ddf:0x1c84d5c90c224c22,
Jin Da Braised Pork Rice,,https://www.google.com/maps/place/Jin+Da+Braised+Pork+Rice/data=!4m2!3m1!1s0x3442a91ffc2c1ccb:0x8a6c60a5dd4be9f8,
Golden Waterfall,,https://www.google.com/maps/place/Golden+Waterfall/data=!4m2!3m1!1s0x345d44fc87a6a457:0xdba9a57ed15267f0,
Fo Guang Shan Great Buddha Land,,https://www.google.com/maps/place/Fo+Guang+Shan+Great+Buddha+Land/data=!4m2!3m1!1s0x346e16af98a5aa3b:0xfa8f982f81da3d0c,
Republic of Chester,,https://www.google.com/maps/place/Republic+of+Chester/data=!4m2!3m1!1s0x3442a908a8695e33:0x498693d897515a7,
Lao Shandong Homemade Noodles,,https://www.google.com/maps/place/Lao+Shandong+Homemade+Noodles/data=!4m2!3m1!1s0x3442a9091cbc20b1:0x1c0da73bcf8de0ee,
The Red House,,https://www.google.com/maps/place/The+Red+House/data=!4m2!3m1!1s0x3442a909a4acec8b:0x7c34275cfedcc1c5,
三徑就荒Hermit's Hut,,https://www.google.com/maps/place/%E4%B8%89%E5%BE%91%E5%B0%B1%E8%8D%92Hermit's+Hut/data=!4m2!3m1!1s0x3442abbeefae86f5:0xa379d96353398fa6,
Songshan Cultural and Creative Park No 1. Warehouse,,https://www.google.com/maps/place/Songshan+Cultural+and+Creative+Park+No+1.+Warehouse/data=!4m2!3m1!1s0x3442abc0ac49edb7:0xb13d35d6bafc3576,
Jiufen Teahouse,,https://www.google.com/maps/place/Jiufen+Teahouse/data=!4m2!3m1!1s0x345d453d5dee06ad:0xb933c4cc81a9c5d0,
吉馥十全排骨,,https://www.google.com/maps/place/%E5%90%89%E9%A6%A5%E5%8D%81%E5%85%A8%E6%8E%92%E9%AA%A8/data=!4m2!3m1!1s0x3442a9132630d165:0xd717594dd6efd054,
乾杯 中山店,,https://www.google.com/maps/place/%E4%B9%BE%E6%9D%AF+%E4%B8%AD%E5%B1%B1%E5%BA%97/data=!4m2!3m1!1s0x3442a96956d62c77:0xbd5001be159f4f21,
Mala Hot Pot Ximen Branch,,https://www.google.com/maps/place/Mala+Hot+Pot+Ximen+Branch/data=!4m2!3m1!1s0x3442a909190baa19:0xe00f3480c3b7e765,
Niuxiaomei Beef Noodle Restaurant,,https://www.google.com/maps/place/Niuxiaomei+Beef+Noodle+Restaurant/data=!4m2!3m1!1s0x3442aeb6a999979f:0x8377405540034c53,
貝蛤蛤海鮮餐酒館(現場候位制，無預約),clams,https://www.google.com/maps/place/%E8%B2%9D%E8%9B%A4%E8%9B%A4%E6%B5%B7%E9%AE%AE%E9%A4%90%E9%85%92%E9%A4%A8(%E7%8F%BE%E5%A0%B4%E5%80%99%E4%BD%8D%E5%88%B6%EF%BC%8C%E7%84%A1%E9%A0%90%E7%B4%84)/data=!4m2!3m1!1s0x34681fd08ac451d5:0x186d0bec3f43fb33,
Fu Hang Soy Milk,,https://www.google.com/maps/place/Fu+Hang+Soy+Milk/data=!4m2!3m1!1s0x3442a97065a9fe7d:0x9f8ad0b871ef2d1e,
Tacos El Güero,Al pastor,https://www.google.com/maps/place/Tacos+El+G%C3%BCero/data=!4m2!3m1!1s0x808fcd47d0ced9b3:0xbe77bac8549c7446,
Metro Balderas Taqueria,,https://www.google.com/maps/place/Metro+Balderas+Taqueria/data=!4m2!3m1!1s0x808e334bee24ce53:0xb4cc7393071a257b,
La Plaza Market,Get their Al pastor tacos,https://www.google.com/maps/place/La+Plaza+Market/data=!4m2!3m1!1s0x808fccdbd59e718d:0x5a185545601d77c4,
Fil-Am Cuisine,,https://www.google.com/maps/place/Fil-Am+Cuisine/data=!4m2!3m1!1s0x808f7c124cce1831:0x56c18efc73f8e9e3,
Fishetarian Fish Market,,https://www.google.com/maps/place/Fishetarian+Fish+Market/data=!4m2!3m1!1s0x8084286018f7b861:0x533cb424e76e7011,
Mariscos el aguachile 8,"Seafood ceviche food truck. Search them up on insta, only open on weekends.",https://www.google.com/maps/place/Mariscos+el+aguachile+8/data=!4m2!3m1!1s0x808fcd1980649fa5:0x21ded2dc5cd7d6bb,
Wah jee Wah,,https://www.google.com/maps/place/Wah+jee+Wah/data=!4m2!3m1!1s0x808fbf90aafbadb5:0x591c6cab6b4733ec,
Phuong Nam Restaurant,,https://www.google.com/maps/place/Phuong+Nam+Restaurant/data=!4m2!3m1!1s0x808e32e6e3380fd1:0xd01f434f6db76d28,
Shawarmaji,,https://www.google.com/maps/place/Shawarmaji/data=!4m2!3m1!1s0x808fcbb91e22c4ef:0x212a96e1c51d42c9,
Mezcal Restaurant,Oaxacan cuisine ,https://www.google.com/maps/place/Mezcal+Restaurant/data=!4m2!3m1!1s0x808fccbb573d834f:0xb23c0b8d36cf9536,
Gigi's Cafe,,https://www.google.com/maps/place/Gigi's+Cafe/data=!4m2!3m1!1s0x808f76251f952e89:0x7cbe5ea185a47a6d,
Causwells,Burger and dessert,https://www.google.com/maps/place/Causwells/data=!4m2!3m1!1s0x808580d439f7c8ef:0x4535d182f05476fe,
Anh Hong Restaurant,No pho bite resto ,https://www.google.com/maps/place/Anh+Hong+Restaurant/data=!4m2!3m1!1s0x80858767a5395519:0xebc0308bf11d1648,
S&P Lunch,Old school diner,https://www.google.com/maps/place/S%26P+Lunch/data=!4m2!3m1!1s0x89c259af7859cec3:0xd49f9be0fee3f52d,
Shea Schat's Bakery,,https://www.google.com/maps/place/Shea+Schat's+Bakery/data=!4m2!3m1!1s0x80960dcb8ebf4f97:0x5748ec536743da56,
June Lake Brewing,,https://www.google.com/maps/place/June+Lake+Brewing/data=!4m2!3m1!1s0x80966ae4314c712b:0xfbc261108cb916b6,
Tony's Style,Wings,https://www.google.com/maps/place/Tony's+Style/data=!4m2!3m1!1s0x80857d1175ae6477:0x912bbc183bc4c9d6,
Nyum Bai,,https://www.google.com/maps/place/Nyum+Bai/data=!4m2!3m1!1s0x808f86f491e23385:0xc85f72f420fd5355,
Moobongri BBQ(무봉리 생삼겹 BBQ),Samgyeopsal ,https://www.google.com/maps/place/Moobongri+BBQ(%EB%AC%B4%EB%B4%89%EB%A6%AC+%EC%83%9D%EC%82%BC%EA%B2%B9+BBQ)/data=!4m2!3m1!1s0x80c2b9274bdab9e9:0xf040f3156a614b44,
Sliders Burger,,https://www.google.com/maps/place/Sliders+Burger/data=!4m2!3m1!1s0x808fcb46ee79f573:0xa1402faf85f360f0,
Scratch Cookery,,https://www.google.com/maps/place/Scratch+Cookery/data=!4m2!3m1!1s0x808fcdec419de94f:0x4016c5e32ebbb5a6,
Pigya,,https://www.google.com/maps/place/Pigya/data=!4m2!3m1!1s0x80c2b98885902071:0x987eb61a969979ed,
Shawowrma Mediterranean Street Food,,https://www.google.com/maps/place/Shawowrma+Mediterranean+Street+Food/data=!4m2!3m1!1s0x808e357a4e48d259:0x221d9b8006ae0d57,
Sky Dragon,,https://www.google.com/maps/place/Sky+Dragon/data=!4m2!3m1!1s0x808f799be5ff7287:0x57eed053540e7457,
Liuyishou Hot Pot (San Jose) 刘一手(圣何塞),,https://www.google.com/maps/place/Liuyishou+Hot+Pot+(San+Jose)+%E5%88%98%E4%B8%80%E6%89%8B(%E5%9C%A3%E4%BD%95%E5%A1%9E)/data=!4m2!3m1!1s0x808fb5dc6b6593bf:0xaa59d89ad2dfde1a,
Dela Curo Curry,,https://www.google.com/maps/place/Dela+Curo+Curry/data=!4m2!3m1!1s0x808f815f444ef5a1:0x3226d321fdf0ec8c,
Shin Beijing,Korean Chinese food,https://www.google.com/maps/place/Shin+Beijing/data=!4m2!3m1!1s0x80c2b87e26fac3ab:0x5a8141fe0577554d,
Mama's Boy,,https://www.google.com/maps/place/Mama's+Boy/data=!4m2!3m1!1s0x808f818be2f7967d:0x6e3b42ccab8b3e54,
Pastelaria Adega,,https://www.google.com/maps/place/Pastelaria+Adega/data=!4m2!3m1!1s0x808fcd3da8a89b23:0xa1db0162f1055b0c,
Hyun Poong Gom Tang,Gom tang,https://www.google.com/maps/place/Hyun+Poong+Gom+Tang/data=!4m2!3m1!1s0x80c2b898fde57e07:0x85c9a0d1cbb67984,
Tacos Mi Reynita,,https://www.google.com/maps/place/Tacos+Mi+Reynita/data=!4m2!3m1!1s0x808f8f6fe2703497:0x1b8625ee728cdb5e,
Noodle Art 一面之缘,,https://www.google.com/maps/place/Noodle+Art+%E4%B8%80%E9%9D%A2%E4%B9%8B%E7%BC%98/data=!4m2!3m1!1s0x80c2c56e8e56a0bb:0x2c2249a7a2a0e0b9,
Giovanni's Shrimp Truck,,https://www.google.com/maps/place/Giovanni's+Shrimp+Truck/data=!4m2!3m1!1s0x7c005f2e53dae835:0xf377caf821230877,
Tabu Shabu,Can turn your shabu into congee at the end of the meal,https://www.google.com/maps/place/Tabu+Shabu/data=!4m2!3m1!1s0x808fb55563d98da1:0x1cfadba7c7b735f5,
Dinosaurs,Banh mi,https://www.google.com/maps/place/Dinosaurs/data=!4m2!3m1!1s0x808f7db8df4f352f:0x593e26aed8227cab,
Tong Sui Desserts & Drinks (Sunnyvale),Chinese dessert chain,https://www.google.com/maps/place/Tong+Sui+Desserts+%26+Drinks+(Sunnyvale)/data=!4m2!3m1!1s0x808fcd9e27ea5b3f:0xef1b911b2bf9ea36,
Kenny's Cafe,"One-man shop, the owner is super friendly ",https://www.google.com/maps/place/Kenny's+Cafe/data=!4m2!3m1!1s0x808fcbc98c11edb7:0x6007ef34a0201a9d,
Hook Fish Co,,https://www.google.com/maps/place/Hook+Fish+Co/data=!4m2!3m1!1s0x8085878fa186581b:0x822793974e4c73f9,
Fu Niu Tang Noodle Talk,Hunan,https://www.google.com/maps/place/Fu+Niu+Tang+Noodle+Talk/data=!4m2!3m1!1s0x808fb663e2b5af25:0x502198f0506377eb,
Meat Time,Yakiniku ,https://www.google.com/maps/place/Meat+Time/data=!4m2!3m1!1s0x808fc919b89b6aa9:0xac40c5c7e288aa03,
Swaraj India Restaurant & BAR,Maharashitrian food,https://www.google.com/maps/place/Swaraj+India+Restaurant+%26+BAR/data=!4m2!3m1!1s0x808fcb9b1dab7189:0xb8e418435d34631a,
Yangmani,Home style kbbq,https://www.google.com/maps/place/Yangmani/data=!4m2!3m1!1s0x80c2c79ca159d147:0x1f653953236f89e9,
Yummee Sandwiches,,https://www.google.com/maps/place/Yummee+Sandwiches/data=!4m2!3m1!1s0x808e352e1537701b:0x2fa7537fff509083,
Idly Express,,https://www.google.com/maps/place/Idly+Express/data=!4m2!3m1!1s0x808fc94907df0415:0x5120264f3390ef2d,
Tsujihan ZEITAKU DON,,https://www.google.com/maps/place/Tsujihan+ZEITAKU+DON/data=!4m2!3m1!1s0x60188bfd0d57e253:0x211fa4fa71a7c61e,
Soban,So much banchan,https://www.google.com/maps/place/Soban/data=!4m2!3m1!1s0x80c2b88c9bbe2b45:0x8f371e46e6ac9ab7,
Aca Grill,,https://www.google.com/maps/place/Aca+Grill/data=!4m2!3m1!1s0x80c2c77f2cce28fb:0x3dbd0a8ff48db57e,
Teddy’s Red Tacos Venice,,https://www.google.com/maps/place/Teddy%E2%80%99s+Red+Tacos+Venice/data=!4m2!3m1!1s0x80c2bbfda65c86ed:0xab49a71825d61d20,
Tacos Tamix Taco Truck,,https://www.google.com/maps/place/Tacos+Tamix+Taco+Truck/data=!4m2!3m1!1s0x80c2c7933bd55e63:0xd20d2a6b648fda46,
La Flor De Yucatan Bakery,,https://www.google.com/maps/place/La+Flor+De+Yucatan+Bakery/data=!4m2!3m1!1s0x80c2c793c5b671b1:0x2b4a157270528f21,
Gish Bac,,https://www.google.com/maps/place/Gish+Bac/data=!4m2!3m1!1s0x80c2b85bbfde4447:0xefb2026482590ba2,
Mariscos Jalisco,Seafood tacos,https://www.google.com/maps/place/Mariscos+Jalisco/data=!4m2!3m1!1s0x80c2c8b16c055ecb:0xbe1bda5a509624c9,
Bulrocho,Hangover soup,https://www.google.com/maps/place/Bulrocho/data=!4m2!3m1!1s0x80c2c78248134869:0x5737db66e24d41f9,
Corner Place Restaurant,치미국수,https://www.google.com/maps/place/Corner+Place+Restaurant/data=!4m2!3m1!1s0x80c2c7829c9e7c8f:0x3d2c7ef9bfc3e53d,
Gamja Gol,감자탕,https://www.google.com/maps/place/Gamja+Gol/data=!4m2!3m1!1s0x80c2b87ff32ac593:0xced60924548cc552,
Karimi Restaurant,,https://www.google.com/maps/place/Karimi+Restaurant/data=!4m2!3m1!1s0x808fcb81ad82da79:0x7b2c585ade681b91,
LeYou Ethiopian,,https://www.google.com/maps/place/LeYou+Ethiopian/data=!4m2!3m1!1s0x808fcb4cbbf47995:0x401b4957dc3ca3f0,
Petiscos,,https://www.google.com/maps/place/Petiscos/data=!4m2!3m1!1s0x808fcd7819cfb763:0xaadc150de6744eab,
Frank Fat's,"Storied Chinese American restaurant, known for its banana cream pie",https://www.google.com/maps/place/Frank+Fat's/data=!4m2!3m1!1s0x809ad1294b82bdc5:0x721ab627122c1c9a,
Garam Mirchi Pure Veg Indo-Chinese and Rajasthani Cuisine,,https://www.google.com/maps/place/Garam+Mirchi+Pure+Veg+Indo-Chinese+and+Rajasthani+Cuisine/data=!4m2!3m1!1s0x808fc1c76114cdad:0x90794a553ab29228,
Toast Cafe & Grill,Country fried steaks,https://www.google.com/maps/place/Toast+Cafe+%26+Grill/data=!4m2!3m1!1s0x808e33fb483ee69d:0x9d80ff4b66f07a9b,
MGD Hollywood,Kbbq and tacos,https://www.google.com/maps/place/MGD+Hollywood/data=!4m2!3m1!1s0x80c2bf841beb88a7:0xfff5618a270f3b6f,
Superdish,Hunan,https://www.google.com/maps/place/Superdish/data=!4m2!3m1!1s0x808e33bcacd2f663:0xf7b27bc882de5754,
Han Bat Seol Lung Tang,,https://www.google.com/maps/place/Han+Bat+Seol+Lung+Tang/data=!4m2!3m1!1s0x80c2b89a41b5afa3:0x750d7510dcc3b37a,
Sfizio,Affordable good pasta,https://www.google.com/maps/place/Sfizio/data=!4m2!3m1!1s0x80857d137fbe848d:0x67b7c30bb311bbed,
Jang Mo Jip,"Pocha, better in groups",https://www.google.com/maps/place/Jang+Mo+Jip/data=!4m2!3m1!1s0x808fca0d0b2abcb9:0x9495c3d022273857,
Cantoo Latin Asian Rotisserie,Chinese Venezuelan,https://www.google.com/maps/place/Cantoo+Latin+Asian+Rotisserie/data=!4m2!3m1!1s0x808581cdcd31bb67:0x7b0d200a14561b4e,
Tam O'Shanter,Historic steakhouse,https://www.google.com/maps/place/Tam+O'Shanter/data=!4m2!3m1!1s0x80c2c0e80a95b623:0xb60b625548505fb7,
Nick's Rockaway,,https://www.google.com/maps/place/Nick's+Rockaway/data=!4m2!3m1!1s0x808f7a894f30d1b9:0xb91bd24826ee4af2,
La Parilla Loca,Tijuana style street tacos,https://www.google.com/maps/place/La+Parilla+Loca/data=!4m2!3m1!1s0x808f856fee2ddcdd:0x733d1493b62114b1,
Epic Dumpling,,https://www.google.com/maps/place/Epic+Dumpling/data=!4m2!3m1!1s0x808fb74922283bc7:0x8d6e8147bbfad0aa,
Daughter Thai Kitchen,Lao plate — come with multiple peolle,https://www.google.com/maps/place/Daughter+Thai+Kitchen/data=!4m2!3m1!1s0x808f87853137d81f:0xfbff9c4f3ffd4a6f,
A Bite of Wyoming,Breakfast,https://www.google.com/maps/place/A+Bite+of+Wyoming/data=!4m2!3m1!1s0x808fcd1a043031a5:0x6b8bef0f2ecb243d,
Hong Dae Pocha 홍대포차,,https://www.google.com/maps/place/Hong+Dae+Pocha+%ED%99%8D%EB%8C%80%ED%8F%AC%EC%B0%A8/data=!4m2!3m1!1s0x808fcbc0eee5977d:0x72a8edb8c1e95666,
10 Butchers Korean BBQ,Recommended by Koreans,https://www.google.com/maps/place/10+Butchers+Korean+BBQ/data=!4m2!3m1!1s0x808fb754bdf3eecb:0x98c04338386b99e6,
Sushi Delight,AYCE all you can drink sushi with karaoke,https://www.google.com/maps/place/Sushi+Delight/data=!4m2!3m1!1s0x808580a0760abc83:0xcdbc6261672fb505,
Santo Market Inc,Hawaiian food and mochi on Saturdays,https://www.google.com/maps/place/Santo+Market+Inc/data=!4m2!3m1!1s0x808fcc841b659eeb:0x2a0241609d95d4c2,
Mingkee Deli 西關明記腸粉,,https://www.google.com/maps/place/Mingkee+Deli+%E8%A5%BF%E9%97%9C%E6%98%8E%E8%A8%98%E8%85%B8%E7%B2%89/data=!4m2!3m1!1s0x808fb537ebb7542f:0x59bb0194fb737440,
Zorba's Pizza & Pasta,,https://www.google.com/maps/place/Zorba's+Pizza+%26+Pasta/data=!4m2!3m1!1s0x808f777641ae840d:0x66cd96c0c1c9cb4b,
Tacos El Compa Taqueria,Tortas,https://www.google.com/maps/place/Tacos+El+Compa+Taqueria/data=!4m2!3m1!1s0x808e33e3cc7ed9c7:0xefa071744236bf5f,
Delirama,,https://www.google.com/maps/place/Delirama/data=!4m2!3m1!1s0x8085799c2f36f999:0xf844f849ff3e425b,
Chelokababi Persian Cuisine,,https://www.google.com/maps/place/Chelokababi+Persian+Cuisine/data=!4m2!3m1!1s0x808fb5e7182c5b7b:0x4c42d5a229218d6f,
St. John's Bar & Grill,,https://www.google.com/maps/place/St.+John's+Bar+%26+Grill/data=!4m2!3m1!1s0x808fb59ff21226c9:0xd13be45298fa2464,
The Skunk Train & Rail Bikes,Friday nights: glen bair bar,https://www.google.com/maps/place/The+Skunk+Train+%26+Rail+Bikes/data=!4m2!3m1!1s0x808035488eab2899:0x247a7c36affdbfd,
Bar Shiru,Japanese acoustic bar,https://www.google.com/maps/place/Bar+Shiru/data=!4m2!3m1!1s0x808f81fafcc1c5ef:0x19e6e77cf4dbaea,
Con Azúcar Cafe,,https://www.google.com/maps/place/Con+Az%C3%BAcar+Cafe/data=!4m2!3m1!1s0x808fcdd982ffe083:0xf950dba6777c1d84,
Phin Cafe,Egg coffee,https://www.google.com/maps/place/Phin+Cafe/data=!4m2!3m1!1s0x808e3144e252bbc3:0x64f0e86c15a7b038,
Paik's Noodle / 홍콩반점 산호세,,https://www.google.com/maps/place/Paik's+Noodle+%2F+%ED%99%8D%EC%BD%A9%EB%B0%98%EC%A0%90+%EC%82%B0%ED%98%B8%EC%84%B8/data=!4m2!3m1!1s0x808fca132c71634f:0x68ddcb99c0e82b46,
Curry Hyuga,Omurice ,https://www.google.com/maps/place/Curry+Hyuga/data=!4m2!3m1!1s0x808f77f5210a5e77:0x8a15113a2140194,
Blue Willow Teaspot,,https://www.google.com/maps/place/Blue+Willow+Teaspot/data=!4m2!3m1!1s0x80857ecdc721f2d5:0x23abef7bfe1452c,
PT Eatery,,https://www.google.com/maps/place/PT+Eatery/data=!4m2!3m1!1s0x80dbffd3fd7d37b5:0xdadb43b6109e9e95,
Shuei-Do Manju Shop,,https://www.google.com/maps/place/Shuei-Do+Manju+Shop/data=!4m2!3m1!1s0x808fcc84e5fc6629:0xe2212dc62d61aa16,
Alice's Restaurant,,https://www.google.com/maps/place/Alice's+Restaurant/data=!4m2!3m1!1s0x808fa5d893348bb9:0x78676423e748bb2b,
Raku Sushi,,https://www.google.com/maps/place/Raku+Sushi/data=!4m2!3m1!1s0x809ad41005990023:0xf5605bf4a686013a,
Tsujita LA Artisan Noodle Annex,,https://www.google.com/maps/place/Tsujita+LA+Artisan+Noodle+Annex/data=!4m2!3m1!1s0x80c2bb751e51c9ed:0x8fdc4937c93c48d4,
3 Kingdoms Hot Pot,,https://www.google.com/maps/place/3+Kingdoms+Hot+Pot/data=!4m2!3m1!1s0x808fb7885a8142f5:0x3b967e0a3125d5c8,
Rintaro,,https://www.google.com/maps/place/Rintaro/data=!4m2!3m1!1s0x808f7e26791dc281:0xe147a1d9e33e11d4,
California Fish Market Restaurant,,https://www.google.com/maps/place/California+Fish+Market+Restaurant/data=!4m2!3m1!1s0x808581e7a2b9d85d:0x3c8c2415e7383206,
House of Pies,,https://www.google.com/maps/place/House+of+Pies/data=!4m2!3m1!1s0x80c2c0af1990239d:0x9095e10852602054,
Yung Kee,,https://www.google.com/maps/place/Yung+Kee/data=!4m2!3m1!1s0x808f80b5e0809467:0x9199824a01ba2c48,
Taqueria Las Vegas,,https://www.google.com/maps/place/Taqueria+Las+Vegas/data=!4m2!3m1!1s0x808fc8b700fe18c3:0x4b34f209e75959ba,
Hella Good Burger,,https://www.google.com/maps/place/Hella+Good+Burger/data=!4m2!3m1!1s0x808fcd90add708ab:0xc2382e5d6ac5705d,
Gateway Kitchen,,https://www.google.com/maps/place/Gateway+Kitchen/data=!4m2!3m1!1s0x808f7c234b4e01db:0xd3a1830f73f639d1,
Kung Fu Action Theatre,,https://www.google.com/maps/place/Kung+Fu+Action+Theatre/data=!4m2!3m1!1s0x808581660ddaf4e3:0x7847af302653f4b6,
Tacos El Tucan,,https://www.google.com/maps/place/Tacos+El+Tucan/data=!4m2!3m1!1s0x8085798697ed9535:0xfac4adcc88ef4d5,
Wasabi Bistro,"Izakaya, good date spot",https://www.google.com/maps/place/Wasabi+Bistro/data=!4m2!3m1!1s0x808f7e1b2eb43601:0xa6e2826399a51a62,
"Unagi Tei Japanese Restaurant (formerly known as “Man Man Japanese Unagi 
Restaurant”)",,https://www.google.com/maps/place/Unagi+Tei+Japanese+Restaurant+(formerly+known+as+%E2%80%9CMan+Man+Japanese+Unagi+%0ARestaurant%E2%80%9D)/data=!4m2!3m1!1s0x31da196d99f53e43:0x549ee544464e9b4e,
Fried Dumpling,Just serves fried dumpling ,https://www.google.com/maps/place/Fried+Dumpling/data=!4m2!3m1!1s0x89c25a26c1f87d3d:0x8269486a3c81a6b6,
Bacogai,Vietnamese hot pot,https://www.google.com/maps/place/Bacogai/data=!4m2!3m1!1s0x808f87c17eb6ff37:0x951a7b9db7b9da9e,
Tang Bar,Make your own Chinese noodle soup,https://www.google.com/maps/place/Tang+Bar/data=!4m2!3m1!1s0x808f7d83afbf3e6d:0xcc4a701073dacbd9,
Shaka Tacoz,,https://www.google.com/maps/place/Shaka+Tacoz/data=!4m2!3m1!1s0x795406d325569721:0x68566ebd9efea3c8,
Greenwell Farms,,https://www.google.com/maps/place/Greenwell+Farms/data=!4m2!3m1!1s0x795406bf5e3f901b:0x46235b8fedab66d9,
Taqueria San Bruno,,https://www.google.com/maps/place/Taqueria+San+Bruno/data=!4m2!3m1!1s0x808f79cf46c64f19:0xde71369175484123,
Taishan Cuisine,Open till 3am,https://www.google.com/maps/place/Taishan+Cuisine/data=!4m2!3m1!1s0x80858156f667e109:0xa79208e7fcc2d839,
Aloha Mix Food Truck Cafe,,https://www.google.com/maps/place/Aloha+Mix+Food+Truck+Cafe/data=!4m2!3m1!1s0x795146c6618fffe3:0xe26bcd3871bd4d86,
Kohala Burger & Taco,,https://www.google.com/maps/place/Kohala+Burger+%26+Taco/data=!4m2!3m1!1s0x795380eb7b44c661:0x943c24a33e5704a2,
Anuenue Ice Cream & Shave Ice,,https://www.google.com/maps/place/Anuenue+Ice+Cream+%26+Shave+Ice/data=!4m2!3m1!1s0x795380eb7dea64f7:0xaa8cc05b74b982ca,
Sandy's Drive In,,https://www.google.com/maps/place/Sandy's+Drive+In/data=!4m2!3m1!1s0x795406e9e3f8ce73:0x14219e045f6db312,
The Coffee Shack,,https://www.google.com/maps/place/The+Coffee+Shack/data=!4m2!3m1!1s0x79540ef9265bab87:0x8aaa09f0441fad9b,
Da Bread Stand,,https://www.google.com/maps/place/Da+Bread+Stand/data=!4m2!3m1!1s0x79540137198d9f75:0x81e1d945f9cfd00,
Big Jake's Island B-B-Q,,https://www.google.com/maps/place/Big+Jake's+Island+B-B-Q/data=!4m2!3m1!1s0x7954008cc285b40d:0x10b83a95fbb6738a,
Kaaloa's Super J's,,https://www.google.com/maps/place/Kaaloa's+Super+J's/data=!4m2!3m1!1s0x795400ed209cbc65:0xada30f97f8ea0077,
Reel Aloha poke and fish co,,https://www.google.com/maps/place/Reel+Aloha+poke+and+fish+co/data=!4m2!3m1!1s0x79540792368b06cb:0xb90021f4c14f3b89,
Randy's Huli Chicken and Ribs,,https://www.google.com/maps/place/Randy's+Huli+Chicken+and+Ribs/data=!4m2!3m1!1s0x795406e9e3f8ce73:0xe713100bf011abb,
Rebel Kitchen,,https://www.google.com/maps/place/Rebel+Kitchen/data=!4m2!3m1!1s0x795406f4debf53af:0xc87fd193546e35c9,
Swagat Indian Cuisine,South Indian,https://www.google.com/maps/place/Swagat+Indian+Cuisine/data=!4m2!3m1!1s0x808fc929e6c07125:0x8c821d7c5d4d2200,
Din Ding Dumpling House Union City,,https://www.google.com/maps/place/Din+Ding+Dumpling+House+Union+City/data=!4m2!3m1!1s0x808f95d8c72c2495:0xc43fde9ecd5c6407,
Phyllis' Giant Burgers,,https://www.google.com/maps/place/Phyllis'+Giant+Burgers/data=!4m2!3m1!1s0x80859743256bd6b5:0xf54baea92791c1b4,
Phyllis' Giant Burgers,,https://www.google.com/maps/place/Phyllis'+Giant+Burgers/data=!4m2!3m1!1s0x80859072f94632ef:0x58092f866bd49313,
Matsuya Toshimaen,,https://www.google.com/maps/place/Matsuya+Toshimaen/data=!4m2!3m1!1s0x6018eda84ad5c5d1:0x3e351e1d5cf7d9d5,
Tanbo Yoyogi,,https://www.google.com/maps/place/Tanbo+Yoyogi/data=!4m2!3m1!1s0x60188ccf34d07b2d:0x827640d9db03d467,
MORI TOWER RoP,Views,https://www.google.com/maps/place/MORI+TOWER+RoP/data=!4m2!3m1!1s0x60188b970be70e23:0x18d396891cc76e07,
Florida,,https://www.google.com/maps/place/Florida/data=!4m2!3m1!1s0x6018f36b6cc4c587:0xb520d451ddc10374,
Matsugen Ebisu,,https://www.google.com/maps/place/Matsugen+Ebisu/data=!4m2!3m1!1s0x60188b6a70154629:0x88581706cc064785,
Thermae-Yu,,https://www.google.com/maps/place/Thermae-Yu/data=!4m2!3m1!1s0x60188cd964ec251f:0xc08061f4610d6e1c,
North Dumpling,Cheap dumplings,https://www.google.com/maps/place/North+Dumpling/data=!4m2!3m1!1s0x89c25a29ef74bf89:0xcdc265e37651d547,
Red House Seafood at Esplanade,Chili crab,https://www.google.com/maps/place/Red+House+Seafood+at+Esplanade/data=!4m2!3m1!1s0x31da19109ecd6e49:0x6184e7f95b77ca8f,
RPM by Dbespoke,Aka shiso fizz,https://www.google.com/maps/place/RPM+by+Dbespoke/data=!4m2!3m1!1s0x31da19fb8f3754e1:0x418331c3e99cea18,
Stay Gold Flamingo,,https://www.google.com/maps/place/Stay+Gold+Flamingo/data=!4m2!3m1!1s0x31da1934a71c78a9:0x51d89974315f875b,
MO BAR,,https://www.google.com/maps/place/MO+BAR/data=!4m2!3m1!1s0x31da192fdce3774b:0xeceb7ebcb22b3b74,
Bar Stories,"No set menu, the bartenders make you whatever you're feeling",https://www.google.com/maps/place/Bar+Stories/data=!4m2!3m1!1s0x31da19b0fadacbe1:0x421886bcb660e68f,
Chelo's SweetAppam,"While you can opt for plain appam with coconut milk, we go weak for the brown sugar variety; coconut milk and brown sugar are liberally applied onto appam batter and swirled in a pan so the edges remain fluffy while the sides are brittle.",https://www.google.com/maps/place/Chelo's+SweetAppam/data=!4m2!3m1!1s0x31cc49996c7593e7:0x80535f3711354d27,
Valentine Roti,"The 20-year-old roadside stall’s roti kosong (plain roti canai) is light and crispy with a slight sweetness; it’s tasty enough to eat on its own, but you’ll want to dip it in the dal, sambal and mutton curry for the full experience.",https://www.google.com/maps/place/Valentine+Roti/data=!4m2!3m1!1s0x31cc37dc56341661:0x8ac56f7091428d6c,
Restoran Devi's Corner,"They serve a type of Indian cuisine unique to Malaysia – rotis, banana leaf, and tandoor dishes.",https://www.google.com/maps/place/Restoran+Devi's+Corner/data=!4m2!3m1!1s0x31cc499849034d6f:0xf46d4e0a06f735f3,
Hing Kee Bakuteh 兴记肉骨茶 (甲洞大街) Jalan Kepong,,https://www.google.com/maps/place/Hing+Kee+Bakuteh+%E5%85%B4%E8%AE%B0%E8%82%89%E9%AA%A8%E8%8C%B6+(%E7%94%B2%E6%B4%9E%E5%A4%A7%E8%A1%97)+Jalan+Kepong/data=!4m2!3m1!1s0x31cc466a61ba4c79:0xb4fa2934babee426,
JiǔBar 九吧,,https://www.google.com/maps/place/Ji%C7%94Bar+%E4%B9%9D%E5%90%A7/data=!4m2!3m1!1s0x31d1f1128f78e1c3:0x39242fa0b623d731,
Pak Putra Restaurant,Tandoori chicken,https://www.google.com/maps/place/Pak+Putra+Restaurant/data=!4m2!3m1!1s0x31d1f1dcd4f14c3d:0xbd169cadd9849550,
Restoran Tong Sheng,Cheese Meehon,https://www.google.com/maps/place/Restoran+Tong+Sheng/data=!4m2!3m1!1s0x31d1ee33a42c9bfd:0x30cd338de7a65cfd,
Sin Hiap Hin,"Tucked away in the Kampung Jawa area, Sin Hiap Hin is an old-fashioned local bar that's been around for a century. Unlike flashy bars located all over town, Sin Hiap Hin is run by a friendly old lady and is furnished with a vintage wooden bar, wooden stools, plastic chairs, and shelves filled with glasses of liquor. Soak up the rustic atmosphere while you sip on your choice of drink, whether it's rice wine, Indian whisky, or a beer. Do note though that unlike most bars you know, Sin Hiap Hin closes its doors by 6PM before it gets dark!",https://www.google.com/maps/place/Sin+Hiap+Hin/data=!4m2!3m1!1s0x31d1f1d93375aa01:0x6052c035de8f5d6a,
Nyonya Delight Homestyle Cooked Food,"In case you're unsure what to order, we'd recommend giving their Nyonya laksa, mee siam, Nyonya rice dumplings, and chicken rendang a try.",https://www.google.com/maps/place/Nyonya+Delight+Homestyle+Cooked+Food/data=!4m2!3m1!1s0x31d1f0c3553ffadb:0x7a14980126433de9,
Hua Yu Wee Seafood Restaurant,"Chili crab, popular with locals",https://www.google.com/maps/place/Hua+Yu+Wee+Seafood+Restaurant/data=!4m2!3m1!1s0x31da22c64374f7d3:0xf2ddfbd253f49fe3,
DurianBB Park,,https://www.google.com/maps/place/DurianBB+Park/data=!4m2!3m1!1s0x31cc362e17001537:0x30bbd71f854bec34,
Loo's Hainanese Curry Rice,,https://www.google.com/maps/place/Loo's+Hainanese+Curry+Rice/data=!4m2!3m1!1s0x100401541302e25b:0x687a19b151dabec6,
Uptown Nasi Lemak (Telok Ayer),,https://www.google.com/maps/place/Uptown+Nasi+Lemak+(Telok+Ayer)/data=!4m2!3m1!1s0x31da192cc81d537d:0x1bcdae9653c37f3b,
Guang Fa Laksa (#01-08),,https://www.google.com/maps/place/Guang+Fa+Laksa+(%2301-08)/data=!4m2!3m1!1s0x31da192f8837a46b:0xcde33d3e3a918729,
Legendary Bak Kut Teh At South Bridge 發传人肉骨茶,,https://www.google.com/maps/place/Legendary+Bak+Kut+Teh+At+South+Bridge+%E7%99%BC%E4%BC%A0%E4%BA%BA%E8%82%89%E9%AA%A8%E8%8C%B6/data=!4m2!3m1!1s0x31da190a68299457:0xf5cc340e7966204,
Leng Kee Fish Soup,,https://www.google.com/maps/place/Leng+Kee+Fish+Soup/data=!4m2!3m1!1s0x31da1bcda77a8fdf:0x32ca8713ae29a8d9,
Swee Choon Tim Sum Restaurant,,https://www.google.com/maps/place/Swee+Choon+Tim+Sum+Restaurant/data=!4m2!3m1!1s0x31da19c804e450bf:0x1dbecd26daa7df7e,
Long Ji Zi Char,,https://www.google.com/maps/place/Long+Ji+Zi+Char/data=!4m2!3m1!1s0x31da1977563f2eaf:0xe80d2e2085567ddd,
WANTON SENG'S - Eating House,,https://www.google.com/maps/place/WANTON+SENG'S+-+Eating+House/data=!4m2!3m1!1s0x31da190d64539b79:0xc3491e7cd8f5be6,
HOLYCRAB,,https://www.google.com/maps/place/HOLYCRAB/data=!4m2!3m1!1s0x31da19affc61b3a7:0xf0058ee116f4d88c,
Thow Kwang Pottery Jungle,,https://www.google.com/maps/place/Thow+Kwang+Pottery+Jungle/data=!4m2!3m1!1s0x31da0fba96c60a3f:0x3cdfc030065c3491,
Design Orchard,,https://www.google.com/maps/place/Design+Orchard/data=!4m2!3m1!1s0x31da1991407459dd:0xf37792a225453d44,
ATLAS,,https://www.google.com/maps/place/ATLAS/data=!4m2!3m1!1s0x31da19b066f8cac9:0x1a822ab9ded25293,
Manhattan,,https://www.google.com/maps/place/Manhattan/data=!4m2!3m1!1s0x31da198bb197e287:0xec005ec6232f9dbe,
Tiong Bahru Market,"The chwee kueh from Jian Bo Shui Kueh is legendary and has endured for over 50 years despite the surfeit of similarly-named imposters masquerading as the real deal. This breakfast staple of oily rice cakes and fried chye poh is simple, sinful and addictive.",https://www.google.com/maps/place/Tiong+Bahru+Market/data=!4m2!3m1!1s0x31da1979f8b24e39:0x4197238808881372,
Red Star Restaurant,,https://www.google.com/maps/place/Red+Star+Restaurant/data=!4m2!3m1!1s0x31da1975ae3adb21:0x73e89f40d1841e3f,
Tong Ah Eating House,Singapore breakfast,https://www.google.com/maps/place/Tong+Ah+Eating+House/data=!4m2!3m1!1s0x31da19727cd7aa5d:0xc64653716b9c184e,
Chilli Padi Nonya Restaurant,"Peranakan family restaurant. They do all the classics right here. We're talking beef rendang, ayam buah keluak, sambal goreng, chap chye and more.",https://www.google.com/maps/place/Chilli+Padi+Nonya+Restaurant/data=!4m2!3m1!1s0x31da1811a072c097:0xb0660f76a8d12496,
Liao Fan Hawker Chan (Chinatown),"Chicken Rice, Michelin Starred, long line",https://www.google.com/maps/place/Liao+Fan+Hawker+Chan+(Chinatown)/data=!4m2!3m1!1s0x31da19731378e5d9:0x66f0318292b49348,
Hjh Maimunah Restaurant and Catering,Nasi Padang,https://www.google.com/maps/place/Hjh+Maimunah+Restaurant+and+Catering/data=!4m2!3m1!1s0x31da19b72d5852b7:0xa32d8c892f4a6229,
Toa Payoh Lorong 4 Blk 93 Market and Hawker Centre,,https://www.google.com/maps/place/Toa+Payoh+Lorong+4+Blk+93+Market+and+Hawker+Centre/data=!4m2!3m1!1s0x31da176926a0a075:0xbd145c3344e39362,
Mr & Mrs Mohgans Prata,,https://www.google.com/maps/place/Mr+%26+Mrs+Mohgans+Prata/data=!4m2!3m1!1s0x31da18117a3c00b9:0x7a82de1fa2fa790,
Cloudstreet,,https://www.google.com/maps/place/Cloudstreet/data=!4m2!3m1!1s0x31da194f3d321da3:0x8dda776f468fa71c,
Candlenut,,https://www.google.com/maps/place/Candlenut/data=!4m2!3m1!1s0x31da19720b8724e7:0x5101e3c43062ecbb,
Kampong Lorong Buangkok,,https://www.google.com/maps/place/Kampong+Lorong+Buangkok/data=!4m2!3m1!1s0x31da1667e9c3addd:0x63f0de8393eeed19,
braise 卤之家,,https://www.google.com/maps/place/braise+%E5%8D%A4%E4%B9%8B%E5%AE%B6/data=!4m2!3m1!1s0x31da19ff46c35689:0x42f2504a018d2c87,
Terra Cotta Warrior,,https://www.google.com/maps/place/Terra+Cotta+Warrior/data=!4m2!3m1!1s0x80858777993a6ec9:0x982baf995f869d4,
SAN HO WON,,https://www.google.com/maps/place/SAN+HO+WON/data=!4m2!3m1!1s0x808f7f58c1600a05:0x485c8e7a6681c5a1,
Anchor Oyster Bar,,https://www.google.com/maps/place/Anchor+Oyster+Bar/data=!4m2!3m1!1s0x808f7e1ad02d18c1:0x53bf78f2954ac07e,
Dol Ho Restaurant,,https://www.google.com/maps/place/Dol+Ho+Restaurant/data=!4m2!3m1!1s0x808580f309f67a9b:0x52367793a13e0a50,
La Barrique,Bun bo hue - beef short rib soup,https://www.google.com/maps/place/La+Barrique/data=!4m2!3m1!1s0x808fcdd9dc8585ff:0x2d66270c020f5924,
Thanh Long Restaurant,Garlic noodles recommended by Kenji,https://www.google.com/maps/place/Thanh+Long+Restaurant/data=!4m2!3m1!1s0x808587972836c929:0x16c9addcf0d90707,
Mister Jiu's,,https://www.google.com/maps/place/Mister+Jiu's/data=!4m2!3m1!1s0x8085808b60c910c9:0x5ad9c0ce21e403c8,
Squabisch Pretzels,,https://www.google.com/maps/place/Squabisch+Pretzels/data=!4m2!3m1!1s0x80857906f7b88bbf:0x2dbc93a38b64bb18,
Southside Station,,https://www.google.com/maps/place/Southside+Station/data=!4m2!3m1!1s0x80857f4fb691d7e1:0xe8da7ca71d06ade2,
Amami Sushi,Cheap omakase,https://www.google.com/maps/place/Amami+Sushi/data=!4m2!3m1!1s0x808f7779ed90be7d:0x82dd31093466932b,
Juan's Place,,https://www.google.com/maps/place/Juan's+Place/data=!4m2!3m1!1s0x80857ef25edb21c7:0x4d338323cff15578,
Azit,,https://www.google.com/maps/place/Azit/data=!4m2!3m1!1s0x80857de25703fe99:0xea76d5a98eabb3e1,
Saigon Sandwich,,https://www.google.com/maps/place/Saigon+Sandwich/data=!4m2!3m1!1s0x80858090bbc47a63:0x7063ea9d84d428dc,
Halal Wings Plus,,https://www.google.com/maps/place/Halal+Wings+Plus/data=!4m2!3m1!1s0x808fc1430da89915:0xaf227afd6a3cb351,
Frisco Fried,,https://www.google.com/maps/place/Frisco+Fried/data=!4m2!3m1!1s0x808f7f1aef91ed83:0x7240f3765739d270,
Pho Papa,,https://www.google.com/maps/place/Pho+Papa/data=!4m2!3m1!1s0x808e3280446feb81:0xce892cb480f0f6c5,
Cali Spartan Mexican Kitchen,,https://www.google.com/maps/place/Cali+Spartan+Mexican+Kitchen/data=!4m2!3m1!1s0x808fccc8ed064e0d:0x92b0e7ddb44e6e15,
Old Town Shanghai,,https://www.google.com/maps/place/Old+Town+Shanghai/data=!4m2!3m1!1s0x808fb74c3d13eb4f:0x9716c778e0006456,
Abacá,,https://www.google.com/maps/place/Abac%C3%A1/data=!4m2!3m1!1s0x8085811ae07c44bd:0xe74df12b5604c43e,
Mei Lai Wah,,https://www.google.com/maps/place/Mei+Lai+Wah/data=!4m2!3m1!1s0x89c25a2706a57733:0x2a57a93e7c2a324,
Joe's Steam Rice Roll,,https://www.google.com/maps/place/Joe's+Steam+Rice+Roll/data=!4m2!3m1!1s0x89c259ac48704171:0x8e776a0dff9c17ca,
Kopitiam,,https://www.google.com/maps/place/Kopitiam/data=!4m2!3m1!1s0x89c25a29ad3e2a09:0xf4de9982d056255d,
Royal Egyptian Cuisine,,https://www.google.com/maps/place/Royal+Egyptian+Cuisine/data=!4m2!3m1!1s0x808f80c8ffd34de1:0x5af57e6327fb3f20,
PizzaHacker/BagelMacher SF,,https://www.google.com/maps/place/PizzaHacker%2FBagelMacher+SF/data=!4m2!3m1!1s0x808f7e3b557bdc4f:0x253d67a274e49fac,
Seapot,,https://www.google.com/maps/place/Seapot/data=!4m2!3m1!1s0x808f9e5809875083:0x2f0a8181b4ed436a,
Pho Y #1 Noodle House,,https://www.google.com/maps/place/Pho+Y+%231+Noodle+House/data=!4m2!3m1!1s0x808e2d7e32e1da9b:0x59bae648a4ef3272,
Metro Hong Kong Dessert and Milk Tea,,https://www.google.com/maps/place/Metro+Hong+Kong+Dessert+and+Milk+Tea/data=!4m2!3m1!1s0x80858154bdd2f56b:0xc55a644e2f7d6b7b,
Golden Gate Bakery,,https://www.google.com/maps/place/Golden+Gate+Bakery/data=!4m2!3m1!1s0x808580f49eea8c29:0xed441d49b092b257,
Z & Y Restaurant,,https://www.google.com/maps/place/Z+%26+Y+Restaurant/data=!4m2!3m1!1s0x808580f4bbcfeb99:0x3e467f1b1d256432,
Perilla,,https://www.google.com/maps/place/Perilla/data=!4m2!3m1!1s0x8085875daf0a5bdd:0x69ba3c819472d213,
Rainbow Grocery,,https://www.google.com/maps/place/Rainbow+Grocery/data=!4m2!3m1!1s0x808f7e26631f7bd1:0x42edaa2f30294e34,
Pyro's Pastrami,,https://www.google.com/maps/place/Pyro's+Pastrami/data=!4m2!3m1!1s0x808f814e0e915e95:0xd1163f57dda29bf2,
Mariscos La Costa,,https://www.google.com/maps/place/Mariscos+La+Costa/data=!4m2!3m1!1s0x808fcd1e63b79f29:0xfa5777e9f21877ef,
Chungdam Restaurant,,https://www.google.com/maps/place/Chungdam+Restaurant/data=!4m2!3m1!1s0x808fca0c53594b83:0x2b0e00ff3f48a38f,
Bo ne Phu Yen,,https://www.google.com/maps/place/Bo+ne+Phu+Yen/data=!4m2!3m1!1s0x808e32bd4713d58d:0x86295fd74077cdc3,
Layang Layang Malaysian Cuisine,,https://www.google.com/maps/place/Layang+Layang+Malaysian+Cuisine/data=!4m2!3m1!1s0x808fc9282879694f:0x5a5e1a1aee26ee94,
Kura Revolving Sushi Bar,,https://www.google.com/maps/place/Kura+Revolving+Sushi+Bar/data=!4m2!3m1!1s0x808fb59ed888b5e9:0xfd5c475f3d309263,
El Pirrin,,https://www.google.com/maps/place/El+Pirrin/data=!4m2!3m1!1s0x808fcd2278d282fb:0xa26567b4b87872b3,
Buck Wild Brewing & Taproom,,https://www.google.com/maps/place/Buck+Wild+Brewing+%26+Taproom/data=!4m2!3m1!1s0x808f816bf689f823:0x22c4d83f255eb47d,
Cam Huong,,https://www.google.com/maps/place/Cam+Huong/data=!4m2!3m1!1s0x808f8725254b0af3:0x6905011158988e15,
Toppings Tree,,https://www.google.com/maps/place/Toppings+Tree/data=!4m2!3m1!1s0x808fcbacdedf9b41:0xb2ef1ef196a265d9,
Mendoza's Restaurant,,https://www.google.com/maps/place/Mendoza's+Restaurant/data=!4m2!3m1!1s0x808fcd03ae3dd41d:0x44565315c0f60872,
Cam Hung Sandwich and Coffee,,https://www.google.com/maps/place/Cam+Hung+Sandwich+and+Coffee/data=!4m2!3m1!1s0x808fb60cfbbd829f:0xdc49bed20148429f,
Gaku Restaurant,,https://www.google.com/maps/place/Gaku+Restaurant/data=!4m2!3m1!1s0x808fb56011a81e5b:0x5deff48137d1e518,
La Farine Boulangerie Patisserie,,https://www.google.com/maps/place/La+Farine+Boulangerie+Patisserie/data=!4m2!3m1!1s0x80857dc56b282ae5:0xf7a60a06468636f9,
Hong Kong Banjum By Paik's Noodle,,https://www.google.com/maps/place/Hong+Kong+Banjum+By+Paik's+Noodle/data=!4m2!3m1!1s0x80c29b2eb9c63289:0xca1cc89082dab3a7,
Lanzhou Hand Pulled Noodles,,https://www.google.com/maps/place/Lanzhou+Hand+Pulled+Noodles/data=!4m2!3m1!1s0x808fc8bae1601319:0x7953d6abead09802,
The Don's Deli,,https://www.google.com/maps/place/The+Don's+Deli/data=!4m2!3m1!1s0x808fb65c146acb69:0x19692944416f948b,
Khanh's Restaurant,,https://www.google.com/maps/place/Khanh's+Restaurant/data=!4m2!3m1!1s0x808fcae08cb75bc5:0x1af8f8f336b0c86f,
May Flower Restaurant,,https://www.google.com/maps/place/May+Flower+Restaurant/data=!4m2!3m1!1s0x808fcabbaf855a75:0x66c1b4c48c35be3d,
Bill of Fare,,https://www.google.com/maps/place/Bill+of+Fare/data=!4m2!3m1!1s0x808fcabc78af5277:0x7bdf97582f3afe5b,
Kabul Afghan Cuisine,,https://www.google.com/maps/place/Kabul+Afghan+Cuisine/data=!4m2!3m1!1s0x808fa1ffeb504a97:0xa2806894adb008e0,
Trattoria La Siciliana,,https://www.google.com/maps/place/Trattoria+La+Siciliana/data=!4m2!3m1!1s0x80857dce0c066935:0x10762dfda5ac6bd0,
The Original Luisa and Son Bakeshop,,https://www.google.com/maps/place/The+Original+Luisa+and+Son+Bakeshop/data=!4m2!3m1!1s0x808fc8b02b43f3f1:0x109f1252bd6bb946,
Dishdash,,https://www.google.com/maps/place/Dishdash/data=!4m2!3m1!1s0x808fb65dad00e04b:0x25806e43dc43b2d6,
Naschmarkt Restaurant,,https://www.google.com/maps/place/Naschmarkt+Restaurant/data=!4m2!3m1!1s0x808e34de67740e9d:0x6f4df87d9cbde9c,
LUNA Mexican Kitchen - The Alameda,,https://www.google.com/maps/place/LUNA+Mexican+Kitchen+-+The+Alameda/data=!4m2!3m1!1s0x808fcb6858213639:0xffd92937210a585b,
ADEGA,,https://www.google.com/maps/place/ADEGA/data=!4m2!3m1!1s0x808fcce1ad7bbf0b:0x245987cb0803a449,
Thiên Long Restaurant,,https://www.google.com/maps/place/Thi%C3%AAn+Long+Restaurant/data=!4m2!3m1!1s0x808e328183a6c147:0xf35e0a4d860dddb2,
Bibo's NY Pizza,,https://www.google.com/maps/place/Bibo's+NY+Pizza/data=!4m2!3m1!1s0x808fccaba7a31d93:0xf39184a3b2435974,
Rose Café & Donuts,,https://www.google.com/maps/place/Rose+Caf%C3%A9+%26+Donuts/data=!4m2!3m1!1s0x808e4aaad2c9b383:0xa9fea2b82e8ca083,
Gulzaar Halal Restaurant & Catering,,https://www.google.com/maps/place/Gulzaar+Halal+Restaurant+%26+Catering/data=!4m2!3m1!1s0x808fcb3ed233c0fd:0x56bdd346092809a8,
Maiwand Market,,https://www.google.com/maps/place/Maiwand+Market/data=!4m2!3m1!1s0x808fbf9c920ead3d:0xe7596f95cae8f816,
Yas Restaurant,,https://www.google.com/maps/place/Yas+Restaurant/data=!4m2!3m1!1s0x808fcabaf3679f19:0xf3eac3652c720209,
Swaad Indian Cuisine,,https://www.google.com/maps/place/Swaad+Indian+Cuisine/data=!4m2!3m1!1s0x808fcc8df8ed93d7:0xd60935f606aaea21,
Chez Sovan,,https://www.google.com/maps/place/Chez+Sovan/data=!4m2!3m1!1s0x808fcc7d2530a047:0xc9409df8b5e1ddfa,
Nam Vang Restaurant,,https://www.google.com/maps/place/Nam+Vang+Restaurant/data=!4m2!3m1!1s0x808e329605bea527:0x1b6e1cecbd17f2d3,
Jubba Somali Restaurant,,https://www.google.com/maps/place/Jubba+Somali+Restaurant/data=!4m2!3m1!1s0x808e33d3eb5150ff:0x5774614b48934b2,
Ma's Restaurant,,https://www.google.com/maps/place/Ma's+Restaurant/data=!4m2!3m1!1s0x808fcc10950a08f5:0xbe655f819c781624,
Yiassoo,,https://www.google.com/maps/place/Yiassoo/data=!4m2!3m1!1s0x808e34e9496b60c1:0xda8ac36c5a5ea206,
Cơm Tấm Thiên Hương,,https://www.google.com/maps/place/C%C6%A1m+T%E1%BA%A5m+Thi%C3%AAn+H%C6%B0%C6%A1ng/data=!4m2!3m1!1s0x808e32cc5187a72d:0x36c665bea45a5539,
Horn Barbecue,,https://www.google.com/maps/place/Horn+Barbecue/data=!4m2!3m1!1s0x80857f104a587995:0xfbe5612e5aea9103,
The Star on Grand,,https://www.google.com/maps/place/The+Star+on+Grand/data=!4m2!3m1!1s0x808f8743170ef8ad:0xeaac7e65e32ae18b,
Thanh Ky Restaurant,,https://www.google.com/maps/place/Thanh+Ky+Restaurant/data=!4m2!3m1!1s0x808f87255ad9e617:0xca29967b5f4fc9fa,
Cafe Stritch,,https://www.google.com/maps/place/Cafe+Stritch/data=!4m2!3m1!1s0x808fccb09f417225:0x751afa4d5524a84e,
Bing's Dumplings 麵香,,https://www.google.com/maps/place/Bing's+Dumplings+%E9%BA%B5%E9%A6%99/data=!4m2!3m1!1s0x808fbe2cfac95c8f:0xf46a8b81d7bb3638,
Anthony's Cookies,,https://www.google.com/maps/place/Anthony's+Cookies/data=!4m2!3m1!1s0x808f7e411c5789b5:0xc4737667c503f572,
Liholiho Yacht Club,,https://www.google.com/maps/place/Liholiho+Yacht+Club/data=!4m2!3m1!1s0x8085809226a75491:0xb16e391a9d832609,
Vegan Mob - Vegan BBQ and Soul Food,,https://www.google.com/maps/place/Vegan+Mob+-+Vegan+BBQ+and+Soul+Food/data=!4m2!3m1!1s0x808f87f9ede375f5:0xa37171fea1a16b28,
The Buddha Of Oakland,,https://www.google.com/maps/place/The+Buddha+Of+Oakland/data=!4m2!3m1!1s0x808f87225fce703f:0xf12c871c02a273be,
Caravaggio Gelateria Italiana,,https://www.google.com/maps/place/Caravaggio+Gelateria+Italiana/data=!4m2!3m1!1s0x80857e9f7960f895:0x8d9c059c67e791c1,
Café Tibet,,https://www.google.com/maps/place/Caf%C3%A9+Tibet/data=!4m2!3m1!1s0x80857e9ec6fec16f:0xba0b8153d7cfe92f,
The Hidden Cafe,,https://www.google.com/maps/place/The+Hidden+Cafe/data=!4m2!3m1!1s0x80857f99c1a87305:0x2d8a50b1feb72a97,
Geta Japanese Restaurant,,https://www.google.com/maps/place/Geta+Japanese+Restaurant/data=!4m2!3m1!1s0x80857df76a4a4509:0xe9bfd5b4a72bbeaf,
Bierhaus,,https://www.google.com/maps/place/Bierhaus/data=!4m2!3m1!1s0x808fb73397be65f3:0xd65609045ee62dc6,
Endless Summer Sweets,,https://www.google.com/maps/place/Endless+Summer+Sweets/data=!4m2!3m1!1s0x80857e82d4d8dd5b:0xab2176ede056aa2c,
Smoke Berkeley,,https://www.google.com/maps/place/Smoke+Berkeley/data=!4m2!3m1!1s0x80857eece2a3a525:0xdad233751103a712,
Strawberry Creek Design Center,,https://www.google.com/maps/place/Strawberry+Creek+Design+Center/data=!4m2!3m1!1s0x80857e953eea8d15:0x967096d8c90e6bfb,
Lou's Cafe,,https://www.google.com/maps/place/Lou's+Cafe/data=!4m2!3m1!1s0x8085871694a3bfdf:0x2ac43caafc6fcb39,
Asmara Restaurant,,https://www.google.com/maps/place/Asmara+Restaurant/data=!4m2!3m1!1s0x80857de101a6741d:0xde8d337f6a53c8db,
Urban Ore,,https://www.google.com/maps/place/Urban+Ore/data=!4m2!3m1!1s0x80857ef5706dfce3:0xf12dedf27cc1b30a,
Back A Yard Caribbean Grill,,https://www.google.com/maps/place/Back+A+Yard+Caribbean+Grill/data=!4m2!3m1!1s0x808fbca0fe634d3f:0xbbfe8d5218a21ccb,
Cafe Ohlone,,https://www.google.com/maps/place/Cafe+Ohlone/data=!4m2!3m1!1s0x80857d0094fdd459:0x91806718446450e9,
Fentons Creamery,,https://www.google.com/maps/place/Fentons+Creamery/data=!4m2!3m1!1s0x80857df6c43cdebb:0x91f2ea4405beec30,
Mama's On Washington Square,,https://www.google.com/maps/place/Mama's+On+Washington+Square/data=!4m2!3m1!1s0x808580f1a98274cd:0x8e4e3b22143a03fc,
Telegraph,,https://www.google.com/maps/place/Telegraph/data=!4m2!3m1!1s0x808f80ac648162c7:0x421824c173a1a26a,
MeloMelo Kava Bar,,https://www.google.com/maps/place/MeloMelo+Kava+Bar/data=!4m2!3m1!1s0x80857e978fd2841f:0x4f821a4e9c7f62c9,
Pizzaiolo,,https://www.google.com/maps/place/Pizzaiolo/data=!4m2!3m1!1s0x80857de1012bd661:0x35a292bcedf52b5d,
Soba Ichi,,https://www.google.com/maps/place/Soba+Ichi/data=!4m2!3m1!1s0x80857f9d10fbddc1:0xc223efa369049bb5,
Tacubaya,,https://www.google.com/maps/place/Tacubaya/data=!4m2!3m1!1s0x80857edca1897b1b:0x923633f7623a8053,
Brenda's,,https://www.google.com/maps/place/Brenda's/data=!4m2!3m1!1s0x80857d6cb53d4c1b:0x1d521402b3566406,
900 Grayson,,https://www.google.com/maps/place/900+Grayson/data=!4m2!3m1!1s0x80857ef3bffc35e5:0x130a30ffbb947e60,
Tokyo Fish Market,,https://www.google.com/maps/place/Tokyo+Fish+Market/data=!4m2!3m1!1s0x80857ecc2be69b7b:0x38cec32013162bd5,
Aftel Archive of Curious Scents,,https://www.google.com/maps/place/Aftel+Archive+of+Curious+Scents/data=!4m2!3m1!1s0x80857ea126d3f87d:0x21620c19b97d0709,
Lorenzo’s of New York,,https://www.google.com/maps/place/Lorenzo%E2%80%99s+of+New+York/data=!4m2!3m1!1s0x808f876fb989547d:0x741ff142d7d68979,
Smellys Creole,,https://www.google.com/maps/place/Smellys+Creole/data=!4m2!3m1!1s0x808f80b3ef8277e3:0xc5e732937c38baef,
Flip N Soul,,https://www.google.com/maps/place/Flip+N+Soul/data=!4m2!3m1!1s0x808f8718d68c6347:0xf60d00da05ae35ab,
Clark Kerr Fire Trail,,https://www.google.com/maps/place/Clark+Kerr+Fire+Trail/data=!4m2!3m1!1s0x80857c3537e46315:0x9fed1126e7b64081,
Grand Lake Kitchen,,https://www.google.com/maps/place/Grand+Lake+Kitchen/data=!4m2!3m1!1s0x808f872cd3746ac3:0x560fe554d88ebfb1,
César,,https://www.google.com/maps/place/C%C3%A9sar/data=!4m2!3m1!1s0x89c2590081a04941:0x642d2fbe07b2609f,
Vientian Cafe,,https://www.google.com/maps/place/Vientian+Cafe/data=!4m2!3m1!1s0x808f86448a6e216b:0x7a253e7fe186602a,
Southern Café,,https://www.google.com/maps/place/Southern+Caf%C3%A9/data=!4m2!3m1!1s0x808f87a992fdb605:0xa63666095a454243,
Reem's California,,https://www.google.com/maps/place/Reem's+California/data=!4m2!3m1!1s0x808f86f496370c27:0x850f93f103291775,
Tay Ho Oakland Restaurant & Bar,,https://www.google.com/maps/place/Tay+Ho+Oakland+Restaurant+%26+Bar/data=!4m2!3m1!1s0x808f80b4487c7adb:0x4f8db75ed71f9817,
Hopscotch,,https://www.google.com/maps/place/Hopscotch/data=!4m2!3m1!1s0x808f80ae5ae98e41:0x77d349a4ec94a7e3,
Tigerlily Berkeley,,https://www.google.com/maps/place/Tigerlily+Berkeley/data=!4m2!3m1!1s0x80857ea131b0c07d:0xb9cb80823b6afc44,
Mua Oakland,,https://www.google.com/maps/place/Mua+Oakland/data=!4m2!3m1!1s0x808f875345119173:0xe1c7b7b97b8869bb,
alaMar Kitchen & Bar,,https://www.google.com/maps/place/alaMar+Kitchen+%26+Bar/data=!4m2!3m1!1s0x808f8752cf4df97f:0xa2dfa6660d32ae12,
Dyafa,,https://www.google.com/maps/place/Dyafa/data=!4m2!3m1!1s0x808f80c8db8e28df:0xe8e7c53f0e32d9ab,
TrueBurger,,https://www.google.com/maps/place/TrueBurger/data=!4m2!3m1!1s0x80857dfa4fe2e963:0x6e12d65891d035,
University of California Botanical Garden at Berkeley,,https://www.google.com/maps/place/University+of+California+Botanical+Garden+at+Berkeley/data=!4m2!3m1!1s0x80857c48b632ed07:0x8ea2fe59b110f12c,
Brotzeit Lokal | German Restaurant & Waterfront Biergarten,,https://www.google.com/maps/place/Brotzeit+Lokal+%7C+German+Restaurant+%26+Waterfront+Biergarten/data=!4m2!3m1!1s0x808f8726278933e9:0x164e642b4ba89547,
Champa Garden,,https://www.google.com/maps/place/Champa+Garden/data=!4m2!3m1!1s0x808f873d3dae1d95:0x6192722233679647,
Munch India,,https://www.google.com/maps/place/Munch+India/data=!4m2!3m1!1s0x80857fa9ec99cc29:0x7edbee1daf5f894a,
Acme Bread,,https://www.google.com/maps/place/Acme+Bread/data=!4m2!3m1!1s0x80857ec67ff02871:0x147b2edb5151cdbb,
Mockingbird,,https://www.google.com/maps/place/Mockingbird/data=!4m2!3m1!1s0x808f80ae204c9529:0xc5b11351b0b9a227,
China Village Restaurant,,https://www.google.com/maps/place/China+Village+Restaurant/data=!4m2!3m1!1s0x808579344c3c95bb:0x323e7229a74097c3,
Fire Trails,,https://www.google.com/maps/place/Fire+Trails/data=!4m2!3m1!1s0x80857c3666e0a709:0x32b6058816af4115,
Agrodolce Osteria,,https://www.google.com/maps/place/Agrodolce+Osteria/data=!4m2!3m1!1s0x80857ea1daea97b1:0xffca9dae038f9474,
Corso,,https://www.google.com/maps/place/Corso/data=!4m2!3m1!1s0x80857e9f7afc9113:0x3462a4374b4b9c62,
Touch of Soul,,https://www.google.com/maps/place/Touch+of+Soul/data=!4m2!3m1!1s0x80857e6cc8f97905:0xa116ae096c362daf,
Sierra Deli & Market,,https://www.google.com/maps/place/Sierra+Deli+%26+Market/data=!4m2!3m1!1s0x808f80cc8eef4bcf:0x41f3a2fa4994dc0f,
Secret Scoop Thai Gelato,,https://www.google.com/maps/place/Secret+Scoop+Thai+Gelato/data=!4m2!3m1!1s0x80857e98f2ed5e2b:0x1bab973086dabf28,
Standard Fare,,https://www.google.com/maps/place/Standard+Fare/data=!4m2!3m1!1s0x80857ef245b5fc09:0x7b8bb0787811a151,
FatApple's Berkeley Restaurant and Bakery,,https://www.google.com/maps/place/FatApple's+Berkeley+Restaurant+and+Bakery/data=!4m2!3m1!1s0x80857ea5060fea8b:0xe1c08e9deada0ba0,
Freight & Salvage Coffeehouse,,https://www.google.com/maps/place/Freight+%26+Salvage+Coffeehouse/data=!4m2!3m1!1s0x80857e9e986576e7:0x2fc85be6765ce9,
The Phoenix Pastificio,,https://www.google.com/maps/place/The+Phoenix+Pastificio/data=!4m2!3m1!1s0x80857e953f86c549:0x68f335f0f234b73a,
Monterey Market,,https://www.google.com/maps/place/Monterey+Market/data=!4m2!3m1!1s0x80857eb0b28c3bf7:0xdcd6ec7702b9a69,
Funky Elephant,,https://www.google.com/maps/place/Funky+Elephant/data=!4m2!3m1!1s0x80857ece42e611c3:0xa07b39b6280f1c7,
Gaumenkitzel,,https://www.google.com/maps/place/Gaumenkitzel/data=!4m2!3m1!1s0x80857eea6ff7a7af:0x6763b3d5d41bd765,
KC'S BBQ,,https://www.google.com/maps/place/KC'S+BBQ/data=!4m2!3m1!1s0x80857ef2b69be5eb:0x240aefc224657cce,
Tail of the Yak Trading Co,,https://www.google.com/maps/place/Tail+of+the+Yak+Trading+Co/data=!4m2!3m1!1s0x80857dcdfe978769:0x6af3ca206faf15a7,
Crixa Cakes,,https://www.google.com/maps/place/Crixa+Cakes/data=!4m2!3m1!1s0x80857e8056c01aa3:0x1c444bf561709cc8,
FOB Kitchen,,https://www.google.com/maps/place/FOB+Kitchen/data=!4m2!3m1!1s0x808f7e3c718a36b9:0x89ce11a375a521ff,
Sobo Ramen,,https://www.google.com/maps/place/Sobo+Ramen/data=!4m2!3m1!1s0x808f80b688a23edf:0x79637b0bc5982119,
Phở Ao Sen,,https://www.google.com/maps/place/Ph%E1%BB%9F+Ao+Sen/data=!4m2!3m1!1s0x8085792fe3e8df0d:0xa77b603bd92e58bc,
Terrapin Crossroads,,https://www.google.com/maps/place/Terrapin+Crossroads/data=!4m2!3m1!1s0x80859a1f065478e5:0x1e81fe2658ac7417,
Alem's Coffee,,https://www.google.com/maps/place/Alem's+Coffee/data=!4m2!3m1!1s0x80857dde00eef95d:0x905c9daa33a3de4f,
Golden Lotus,,https://www.google.com/maps/place/Golden+Lotus/data=!4m2!3m1!1s0x808f80b4089caf01:0x9166fcd835aaa1b2,
El Rincon Yucateco,,https://www.google.com/maps/place/El+Rincon+Yucateco/data=!4m2!3m1!1s0x8085809029e7060b:0x3ed98307188fbb36,
La Santa Torta,,https://www.google.com/maps/place/La+Santa+Torta/data=!4m2!3m1!1s0x808f81d9f6bcb03f:0x4e1665e89017c9ae,
HotBoys,,https://www.google.com/maps/place/HotBoys/data=!4m2!3m1!1s0x808f81e4da362f23:0xed34e87f5ab7f793,
Bluebird Pizzeria,,https://www.google.com/maps/place/Bluebird+Pizzeria/data=!4m2!3m1!1s0x808f8f9b7df67823:0x3ba74cc8e7cafb4,
Broderick Roadhouse,,https://www.google.com/maps/place/Broderick+Roadhouse/data=!4m2!3m1!1s0x808561eab773a8dd:0x86c4ec8060c3f1a9,
The Rare Barrel,,https://www.google.com/maps/place/The+Rare+Barrel/data=!4m2!3m1!1s0x80857ef270ca0ccf:0x5ab50da0a7efc299,
Henry's,,https://www.google.com/maps/place/Henry's/data=!4m2!3m1!1s0x80857c2fafbe5a3b:0xdaa5622c1a2e7ec9,
Sweetwater Music Hall,,https://www.google.com/maps/place/Sweetwater+Music+Hall/data=!4m2!3m1!1s0x8085907271f6e431:0xbfd4c8b982cce483,
Hong Kong Lounge,,https://www.google.com/maps/place/Hong+Kong+Lounge/data=!4m2!3m1!1s0x808587111e3aa9cb:0xecbf001743316ae6,
The Museum of Art and Digital Entertainment,,https://www.google.com/maps/place/The+Museum+of+Art+and+Digital+Entertainment/data=!4m2!3m1!1s0x808f80afd6b9327d:0xa404f4a01bc89623,
Nature Vegetarian Restaurant,,https://www.google.com/maps/place/Nature+Vegetarian+Restaurant/data=!4m2!3m1!1s0x808f80b421b14cb5:0x14f2849240f28057,
State Bird Provisions,,https://www.google.com/maps/place/State+Bird+Provisions/data=!4m2!3m1!1s0x808580b9a406b943:0x696de890da9ee029,
DeAfghanan Cuisine,,https://www.google.com/maps/place/DeAfghanan+Cuisine/data=!4m2!3m1!1s0x808fbf9c920ead3d:0xd78a074e5fe6952c,
Rio California,,https://www.google.com/maps/place/Rio+California/data=!4m2!3m1!1s0x808f80baa4b4e561:0x4034c9a51ca784a9,
Duende,,https://www.google.com/maps/place/Duende/data=!4m2!3m1!1s0x808f80b273483455:0x3b82b625669acb40,
Pho 84,,https://www.google.com/maps/place/Pho+84/data=!4m2!3m1!1s0x808f80b30e17ccbd:0x11a527df3e2ef92b,
Lena's Soul Food Restaurant,,https://www.google.com/maps/place/Lena's+Soul+Food+Restaurant/data=!4m2!3m1!1s0x808f86062d92a33b:0xca3dc42423c41fce,
Sichuan Style Restaurant,,https://www.google.com/maps/place/Sichuan+Style+Restaurant/data=!4m2!3m1!1s0x8085798b49706761:0x83dfdb46c6115489,
Imperial Soup,,https://www.google.com/maps/place/Imperial+Soup/data=!4m2!3m1!1s0x808f80b6059d4cbd:0xca61a49e0c22a9af,
Ratto's,,https://www.google.com/maps/place/Ratto's/data=!4m2!3m1!1s0x808f80b73da00df9:0x9e74eeede3ecec00,
88 BaoBao,,https://www.google.com/maps/place/88+BaoBao/data=!4m2!3m1!1s0x808fe957f17e4a4f:0x555b3cbd1b524a6c,
Miyozen,,https://www.google.com/maps/place/Miyozen/data=!4m2!3m1!1s0x80857e13a54d16b1:0x99b773a240e74c75,
Ahn's Quarter Pound Burger,,https://www.google.com/maps/place/Ahn's+Quarter+Pound+Burger/data=!4m2!3m1!1s0x808f8746097953d9:0x5de2acfccaad8118,
Mississippi Catfish,,https://www.google.com/maps/place/Mississippi+Catfish/data=!4m2!3m1!1s0x8085783be66f0837:0xde6da03f63cc73e1,
June Taylor Company,,https://www.google.com/maps/place/June+Taylor+Company/data=!4m2!3m1!1s0x80857ee8703eeab3:0x80026c0ef61b2f85,
Gioia Pizzeria,,https://www.google.com/maps/place/Gioia+Pizzeria/data=!4m2!3m1!1s0x80857eb0bbb07499:0xa5de58bfa5158342,
Miliki Restaurant,,https://www.google.com/maps/place/Miliki+Restaurant/data=!4m2!3m1!1s0x808f8647d931b245:0xbb785b0de8350c01,
Taqueria El Paisa@.com,,https://www.google.com/maps/place/Taqueria+El+Paisa@.com/data=!4m2!3m1!1s0x808f86651b3721c3:0x7f489dc90195bdf9,
Battambang,,https://www.google.com/maps/place/Battambang/data=!4m2!3m1!1s0x808f80b6fbe64651:0xb3494c54f0db3e31,
Pupuseria Mi Chalateca,,https://www.google.com/maps/place/Pupuseria+Mi+Chalateca/data=!4m2!3m1!1s0x808fcbffee1bf0e3:0xe3e8b033debd9b06,
Kingston 11 Cuisine,,https://www.google.com/maps/place/Kingston+11+Cuisine/data=!4m2!3m1!1s0x808f80ac5ea61f5f:0x7c07a5611a873f31,
L'Ardoise,,https://www.google.com/maps/place/L'Ardoise/data=!4m2!3m1!1s0x808f7e1d6d51dae7:0x7adfa8a91614f429,
Tamaleria Azteca,,https://www.google.com/maps/place/Tamaleria+Azteca/data=!4m2!3m1!1s0x80857e71b38140fb:0x377915dc150f58b5,
Beauty's Bagel Shop,,https://www.google.com/maps/place/Beauty's+Bagel+Shop/data=!4m2!3m1!1s0x80857dfd5d633dff:0x18a7801f4549d9cb,
The Brazen Head,,https://www.google.com/maps/place/The+Brazen+Head/data=!4m2!3m1!1s0x808580dbab49b8a7:0x1b8c3b9183d5a85e,
Aburaya,,https://www.google.com/maps/place/Aburaya/data=!4m2!3m1!1s0x808f80b395f50cf7:0x5b41ffb720148af5,
Brown Sugar Kitchen,,https://www.google.com/maps/place/Brown+Sugar+Kitchen/data=!4m2!3m1!1s0x808f80ace759e08b:0x8f1dec973f8298a2,
Oakland United Beerworks,,https://www.google.com/maps/place/Oakland+United+Beerworks/data=!4m2!3m1!1s0x808f8182fe1d588d:0x7680ad9bc0465a8b,
Hui Lau Shan,,https://www.google.com/maps/place/Hui+Lau+Shan/data=!4m2!3m1!1s0x80857f226875ea89:0x39ff6db4b769d3e5,
Lemat,,https://www.google.com/maps/place/Lemat/data=!4m2!3m1!1s0x80857e7be32cef87:0xa00c52821feb82b8,
La Marcha Tapas Bar,,https://www.google.com/maps/place/La+Marcha+Tapas+Bar/data=!4m2!3m1!1s0x80857ec1e75a2565:0x18e96beacbeefbf5,
Addis,,https://www.google.com/maps/place/Addis/data=!4m2!3m1!1s0x80857dd99ba7eac9:0x64c716097d2a4e75,
Curbside Creamery,,https://www.google.com/maps/place/Curbside+Creamery/data=!4m2!3m1!1s0x80857de10cea8acf:0x97a711aa1bbe3ae1,
La Perla Puerto Rican Cuisine,,https://www.google.com/maps/place/La+Perla+Puerto+Rican+Cuisine/data=!4m2!3m1!1s0x808f865504b2e1b3:0xb8a2612a06c18f8a,
Masse's Pastries,,https://www.google.com/maps/place/Masse's+Pastries/data=!4m2!3m1!1s0x80857ea6c596e2cd:0xb803ac83d35074ce,
La Selva Taqueria,,https://www.google.com/maps/place/La+Selva+Taqueria/data=!4m2!3m1!1s0x808577f857ad0775:0x2d09b0b77937cb3,
Nom Nom Bánh Mì,,https://www.google.com/maps/place/Nom+Nom+B%C3%A1nh+M%C3%AC/data=!4m2!3m1!1s0x80857d813eeea7cd:0xc7ac65961fb572b4,
Clove And Hoof,,https://www.google.com/maps/place/Clove+And+Hoof/data=!4m2!3m1!1s0x80857dfa350982a5:0x513293decb2a7b8,
Shang Cafe 香小馆,,https://www.google.com/maps/place/Shang+Cafe+%E9%A6%99%E5%B0%8F%E9%A6%86/data=!4m2!3m1!1s0x808fb50e4a81e871:0x2e3423051e3f273e,
Enssaro Ethiopian Restaurant,,https://www.google.com/maps/place/Enssaro+Ethiopian+Restaurant/data=!4m2!3m1!1s0x808f874f40fb9367:0xe504640108c1d8d3,
Deli Board,,https://www.google.com/maps/place/Deli+Board/data=!4m2!3m1!1s0x80858083ba147b83:0x7f293054a3647a6,
La Casita,,https://www.google.com/maps/place/La+Casita/data=!4m2!3m1!1s0x808f865f175eaa5b:0x68b458d46fe90332,
Shakewell,,https://www.google.com/maps/place/Shakewell/data=!4m2!3m1!1s0x808f8741fbd4bb57:0x7f8e520a996dbaf0,
Commis,,https://www.google.com/maps/place/Commis/data=!4m2!3m1!1s0x80857df831793917:0x8c2140faeb8a6342,
Pintoh Thai Street Food,,https://www.google.com/maps/place/Pintoh+Thai+Street+Food/data=!4m2!3m1!1s0x808f80b39192f6a9:0x91c71114dd8151a2,
Binh Minh Quan,,https://www.google.com/maps/place/Binh+Minh+Quan/data=!4m2!3m1!1s0x808f80b448dbb849:0x8fb295aca1832bef,
Riva Cucina,,https://www.google.com/maps/place/Riva+Cucina/data=!4m2!3m1!1s0x80857ef403321051:0x1a357a452ea8baa5,
Man vs Fries,,https://www.google.com/maps/place/Man+vs+Fries/data=!4m2!3m1!1s0x808f877057f3c555:0x4bdf8bac5beed7f9,
Mi Zacatecas Mexican Food,,https://www.google.com/maps/place/Mi+Zacatecas+Mexican+Food/data=!4m2!3m1!1s0x808f8f6df8c502db:0xbc382f5bfb19cdba,
